ConceptScheme URI,http://vocab.ieawindtask32.org/wind-lidar-ontology/
PREFIX,ontolidar,http://vocab.ieawindtask32.org/wind-lidar-ontology/
PREFIX,pav,http://purl.org/pav/
PREFIX,dc,http://purl.org/dc/elements/1.1/
PREFIX,dct,http://purl.org/dc/terms/
PREFIX,rdf,http://www.w3.org/1999/02/22-rdf-syntax-ns#
PREFIX,rdfs,http://www.w3.org/2000/01/rdf-schema#
PREFIX,skosmos,http://purl.org/net/skosmos#
skos:prefLabel,IEA Wind Task 32 Wind Lidar Ontology
skos:editorialNote,This ontology is produced and maintained by IEA Wind Task 32.
skos:historyNote,Suggestions for additions or changes should be made through the glossary repository at https://github.com/IEA-Wind-Task-32/wind-lidar-glossary.
dct:title@en,IEA Wind Task 32 Wind Lidar Ontology
dct:description@en,Ontological representation of wind lidar supporting development of modular tools and processes for wind lidars.
dct:title@de,IEA Wind Task 32 Wind Lidar Ontologie
dct:description@de,Ontologische Darstellung von Wind-Lidar zur Unterstützung der Entwicklung von modularen Werkzeugen und Prozessen für Wind-Lidar.
dct:title@es,IEA Wind Task 32 Wind Lidar Ontologie
dct:description@es,Ontologische Darstellung von Wind-Lidar zur Unterstützung der Entwicklung von modularen Werkzeugen und Prozessen für Wind-Lidar.
dct:title@cn,IEA Wind Task 32 Wind Lidar Ontologie
dct:description@cn,Ontologische Darstellung von Wind-Lidar zur Unterstützung der Entwicklung von modularen Werkzeugen und Prozessen für Wind-Lidar.
dct:creator,https://orcid.org/0000-0001-9698-5083
dct:creator,http://orcid.org/0000-0002-9381-9693
dct:creator,https://orcid.org/0000-0003-1318-9677,,,,,,,,"Ways that wind lidar can be used. The combination of three elements: 1. Outcome-driven data requirements (as opposed to constraint-driven requirements, see 1st generation sensor / 1st generation measurements); 2. The measurement method selected to fulfil them; 3. The operational conditions that determine the performance of the method with respect to accuracy"
dct:contributor
pav:version,0.1
pav:createdOn,2020-11-06T00:00:00+01:00
pav:lastUpdatedOn,2021-01-13T00:00:00+01:00


Identifier,skos:prefLabel@en,skos:prefLabel@de,skos:prefLabel@it,skos:prefLabel@es,skos:prefLabel@cn,rdf:type,rdfs:label,skos:definition@en,skos:definition@de,skos:definition@it,skos:definition@es,skos:definition@cn,"skos:altLabel(separator="","")","skos:broader(separator="","")",ontolidar:units,"skos:related(separator="","")","skos:exactMatch(separator="","")","dct:creator(separator="","")","dct:contributor(separator="","")",skos:editorialNote@en,skos:editorialNote@de,skos:editorialNote@it,skos:editorialNote@es,skos:editorialNote@cn,skos:note@en,skos:note@de,skos:note@it,skos:note@es,skos:note@cn
ontolidar:Units,units,,Unità,Unidades,单位,rdf:Property,units,A unit for parameter or variable being defined.,,Unità di misura per una quantità fisica o un parametro,Unidades de medida para un parámetro o varible.,参数、变量等物理量的单位。
ontolidar:VelocityAzimuthDisplay,Velocity-azimuth display,,Campionamento di velocità in azimut,Muestreo de velocidad en azimut,速度-方位角（VAD）测量法,,,"VAD is a method of analyzing data from a complete conical scan whereby many closely spaced azimuthal points may be sampled by the lidar, and the data are used to estimate the wind speed at each height using a statistical fitting method.",,"Un particolare metodo di analisi dati di un lidar a geometria conica. Data una scansione completa del cono ad una specifica altezza, i punti di misurazione contigui l'uno all'altro nello spazio vengono combinati secondo metodi statistici di interpolazione per ricostruire la velocità del vento.",VAD es un método de análisis de datos provenientes de un escaneo de geometría cónica en el que varios puntos azimutales estrechamente espaciados son muestreados por el lidar. Dichos datos se utilizan para estimar la velocidad del viento a una determinada altura utilizanso métodos de ajuste estadísticos.,VAD是一种激光测风雷达的测量方法，通过倒圆锥形的扫描方式，雷达可以对许多间隔很近的方位角点进行采样，然后使用统计拟合方法将数据用于推算每个高度的风速。,VAD,ontolidar:WindfieldReconstruction,,,,,,The VAD method is described in Lhermitte (1966) and Browning and Wexler (1968).,,Il metodo VAD è descritto in Lhermitte (1966) e Bowning e Wexler (1968).
ontolidar:UseCase,Use case,,Casi di uso,Caso de uso,应用案例,,,Typical uses of a wind lidar.,,Tipici esempi di utilizzo di un wind lidar.,"Formas en las que el lidar de viento puede ser utilizado. Combinación de tres elementos: 1. Requisitos de datos orientados a los resultados (en contraposición a los requisitos orientados a las restricciones, véase sensor de primera generación / mediciones de primera generación); 2. Método de medición seleccionado para cumplirlos; 3. Las condiciones de operación que determinan el rendimiento del método con respecto a la precisión del mismo.",风力激光雷达的使用方法. 三个要素的组合： 1. 结果导向的数据要求（与约束导向的要求相反，请参阅第一代传感器/第一代测量）； 2. 选择可实现的测量方法； 3. 决定该方法在准确度性能方面的操作条件
ontolidar:AdditionalSensor,Additional sensor,,Sensore aggiuntivo,Sensor adicional,,,,Lidar based measurement in addition to standard anemometry for a turbine/wind farm.,,Misurazioni lidar effettuate in aggiunta a quelle da anemometri tradizionali solitamente presenti su turbine e in parchi eolici.,Anemómetros y veleta montados sobre torre meteorológica,,,ontolidar:UseCase
ontolidar:WindCharacterisation,Wind characterisation,,Identificazione delle proprietà del vento,Caracterización de las propiedades del viento,,,,Lidar based measurement to identify the specific features of a local wind field,,Misurazioni lidar volte a definire le proprietà locali del vento.,,,,ontolidar:UseCase
ontolidar:IecStandard61400121,IEC Standard 61400-12-1,,Standard IEC 61400-12-1,Norma IEC 61400-12-1,,,,"International guidelines for wind turbines, wind instruments and wind measurements",,"Standard interanzionali di riferimento per turbine eoliche, strumenti eolici e strumentazioni di misurazione del vento",,,,ontolidar:WindCharacterisation
ontolidar:TurbineCertification,Turbine certification,,Certificazione per turbine eoliche,Certificación de la turbina eólica,,,,Process of definition of the levels of quality warranty and object class for wind turbine generators. It is required for turbines' commercialization.,,Processo di definizione dei livelli di garanzia e classe di operatività per generatori eolici. E' necessario per la commercializzazione delle turbine.,,,,ontolidar:UseCase
ontolidar:PerformanceVerification,Performance verification,,Verifica delle performances,Verificación del rendimiento ,,,,"Process of verification of turbines' power production performances, typically against the warranties issued by the turbine manufacturer.",,Processo di verifica delle prestazioni di produzione delle turbine. Il riferimento sono le garanzie rilasciate dal costruttore delle turbine.,,,,ontolidar:UseCase
ontolidar:IecStandard61400502,IEC Standard 61400-50-2,,IEC Standard 61400-50-2,Norma IEC 61400-50-2,,,,Wind turbine's power performance measurement standards based on ground based lidars,,Standard interanzionali di riferimento per misurazioni della prestazione delle turbine basata su lidar montati a terra.,,,,ontolidar:PerformanceVerification
ontolidar:IecStandard61400503,IEC Standard 61400-50-3,,IEC Standard 61400-50-3,Norma IEC 61400-50-3,,,,Wind turbine's power performance measurement standards based on nacelle mounted lidars.,,Standard interanzionali di riferimento per misurazioni della prestazione delle turbine basata su lidar montati sulla turbina.,,,,ontolidar:PerformanceVerification
ontolidar:Task32RecommendedPractices,Task32 Recommended practices,,Raccomandazioni della IEA Task32,Recomendaciones Task32,,,,Task 32 Reccomended practices for Offshore Power Performance - Testing/Complex terrain,,Raccomandazioni sulle procedure per misurazioni della perfomance in produzione offshore ed in terreni complessi.,,,,ontolidar:PerformanceVerification
ontolidar:WindTurbineControl,Wind turbine control,,Controllo dei generatori eolici,Técnicas de control de la turbina eólica,,,,Lidar based techniques to control a wind turbine generator.,,Tecniche di controllo di una turbina eolica basate su misurazioni da lidar.,,,,ontolidar:UseCase
ontolidar:Turbulence(ControlInPresenceOf),Turbulence (control in presence of),,Turbolenza (controllo in presenza di),Turbulencia,,,,Lidar based techniques to control a wind turbine generator in presence of turbolence.,,Tecniche di controllo di una turbina eolica in presenza di forte turbolenza basate su misurazioni da lidar.,,,,ontolidar:WindTurbineControl
ontolidar:Wakes(ControlOf),Wakes (control of),,Scie (controllo delle),Estelas,,,,Lidar based techniques to control the wakes from turbines,,Tecniche di controllo delle scie di una turbina eolica basate su misurazioni da lidar.,,,,ontolidar:WindTurbineControl
ontolidar:WindPlantControl,Wind plant control,,Controllo del parco eolico,Control de parque eólico,,,,Lidar based strategies for collective control of wind generators in the same park.,,Tecniche di controllo collettivo di turbine eoliche nello stesso parco basate su misurazioni da lidar.,,,,ontolidar:UseCase
ontolidar:YawAlignment,Yaw alignment,,Allineamento della turbina,Alneamiento de guiñada,,,,Lidar based alignment of the yaw of the turbine. Aimed at pointing the generator directly into the wind.,,Allineamento della navicella di una turbina con la direzione del vento basata su misurazioni da lidar.,,,,ontolidar:UseCase
ontolidar:MetmastPerformanceVerification,Metmast performance verification,,Verifica delle torri anemometriche,Verificación del rendimiento de la torre meteorológica,,,,Lidar based measurments to verify the quality of measurments from met mast instrumentations,,Misurazioni lidar volte a verificare la qualità delle misurazioni effettuate da anemometri posizionati su torri meteorologiche.,,,,ontolidar:UseCase
ontolidar:WindTunnelMeasurements,Wind tunnel measurements,,Misurazioni in galleria del vento,Medidas en túnel de viento,,,,Lidar based measurments in wind tunnels,,Misurazioni lidar effettuate in gallerie del vento.,,,,ontolidar:UseCase
ontolidar:VirtualMetMast,Virtual met mast,,Torre meteorologica virtuale,Torre meteorológica virtual,虚拟测风塔,,,"A series of wind measurements made at discrete vertical locations, aping a met mast. These can be implemented using many approaches including Crossed RHI (XRHI) and other dual- or triple-lidar measurement",,"Una serie di misurazioni effettuate a varie altezze discrete da terra, in un modo del tutto simile alla distribuzione delle misurazioni dagli anemometri di una torre metereologica. Queste misurazioni possono essere effettuate utilizzando diversi approcci, inclusi il Crossed RHI (XRHI) ed altri sistemi di misurazione a due o tre sistemi laser.","Series de medición del viento localizadas en puntos concretos de la vertical, imitando un mástil meteorológico. Se pueden llevar a cabo utilizando muvhos enfoques, como RHI cruzado (XRHI) y otras mediciones utilizando dos o tres lidares conjuntamente. ",类似于测风塔，在竖直方向、离散的不同高度进行的测风。包括许多实现方法，如交叉 RHI (XRHI)方法，双雷达测量或三雷达测量等,Crossed RHI,ontolidar:Applications
ontolidar:Design,Design,Auslegung,Struttura generale,Diseño,设计,,,Wind lidar generic design structure,,Descrizione delle componenti generali di un lidar e del raccordo fra di esse.,Estructura de diseño genérico del lidar de viento. Componentes genéricos y conexión entre ellos.,测风激光雷达通用设计结构,,,,,,,,Definition based on the OpenLidar module definitions at https://github.com/e-WindLidar/OpenLidarModuleDefinitions,,Definizione basata sulla definizione di modulo del progetto OpenLidar. Vedasi https://github.com/e-WindLidar/OpenLidarModuleDefinitions
ontolidar:ChassisModule,Chassis module,,Telaio,Módulo de chasis,机架模块,,,"Refers to the main lidar structure, designed to protect and house the different lidar components. Its design may vary depending on lidar mounting solutions, including, but not limited to, mounting on a nacelle, a meteorological tower, the ground, a floating platform or a mobile structure. ",,"Modulo di ancoraggio del sistema lidar per ognuna delle sue possibili applicazioni. Include, ma non si limita alle varie soluzioni di montaggio sulla navicella di una turbina, su una torre metereologica, a terra, su una piattaforma flottante o su una struttura mobile.","El módulo que representa el chásis representa las diversas soluciones de montaje del lidar, incluyendo (pero sin estar limitado a) montaje sobre góndola, torre meteorológica, sobre suelo, plataforma flotante o estructua móvil.",底盘模块负责激光雷达的各种安装方案，包括但不限于安装在机舱、气象塔、地面、浮动平台或移动结构上,,ontolidar:Design,,,,,,Definition based on the OpenLidar module definitions at https://github.com/e-WindLidar/OpenLidarModuleDefinitions,,Definizione basata sulla definizione di modulo del progetto OpenLidar. Vedasi https://github.com/e-WindLidar/OpenLidarModuleDefinitions
ontolidar:LocationDetection,Location detection,,Localizzazione,Localización,,,,"Devices and associated methods to retrieve the exact position and orientation of the lidar, and thus the correct measurement points.",,"Sistema per l'identificazione della posizione esatta e l'orientamento del lidar e, di conseguenza, della posizione dei punti di misurazione",,,,ontolidar:Design
ontolidar:Gps,GPS,,GPS,GPS,,,,Global Positioning System that uniquely defines the position of the  lidar.,,Sistema di posizionamento globale. Sistema di posizionamento del lidar.,,,,ontolidar:LocationDetection
ontolidar:Inclinometer,Inclinometer,,Inclinometro,Inclinómetros,,,,"Lidar orientation system affixed to the bracket structure. In turn, the bracket structure is affixed to the ground or to another structure, like a nacelle wind turbine.  Lidar measurements orientation system.",,Sistema dimisurazione dell'orientazione del lidar.,,,,ontolidar:LocationDetection
ontolidar:MotionDetection,Motion detection,,Sensore di moto,Detección de movimiento,,,,"System meant to detect and compensate for the lidar motion/vibrations due to, e.g. nacelle or buoy motion in nacelle or buoy mounted lidars. Its output is used in the lidar data processing stage to rectify its measurements and compensate for platform motion.",,Sistema per la misurazione e la compensazione del moto del idar e delle sue vibrazioni. Questi movimenti possono esser dovuti al moto del supporto dove il lidar è montato - sia esso una navicella o una boa per i lidar marini. Le misurazioni di questo sistema sono usate per rettificare le misurazioni del vento.,,,,ontolidar:Design
ontolidar:Accelerometer,Accelerometer,,Accelerometro,Acelerómetro,,,,Helps us to detect  the motion of the lidar in its own local inertial frame. In combination with the gyrometer provides us with an array of information that helps us to either filter of correct the lidar data due to the motion of the lidar.,,"Sensori atti alla misurazione del moto del lidar rispetto al suo sistema inerziale locale. In combinazione con i dati dai giroscopi, supporta il filtraggio e la correzione delle misurazioni del vento.",,,,ontolidar:MotionDetection
ontolidar:Gyrometer,Gyrometer,,Girometro,Girómetro,,,,"Help us to determine the orientation of the lidar using Earth's gravity, thus the orientation of the laser beam. In combination with the accelerometer provides us with an array of information that helps us to either filter of correct the lidar data due to the motion of the lidar.",,"Sensori atti alla misurazione dell'orientazione del lidar rispetto al vettore di gravità terrestre locale.. In combinazione con i dati dagli accelerometri, supporta il filtraggio e la correzione delle misurazioni del vento.",,,,ontolidar:MotionDetection
ontolidar:EnvironmentalConditionsDetection,Environmental conditions detection,,Rilevamento delle condizioni ambientali,Detección de condiciones medioambientales,,,,Meteorological conditions on the lidar spot.,,Condizioni metereologiche nel luogo di installazione del lidar.,,,,ontolidar:ChassisModule
ontolidar:LocalMetstation,Local MetStation,,Stazione meteorologica locale,Estación meteorológica local,,,,Local meteorology station. Integrated in the lidar chassis module. Reports the meteorological conditions under which the lidar is working.,,Stazione meteo locale integrata nella scocca del lidar. Riporta le condizioni meteo in cui il lidar sta operando.,,,,ontolidar:EnvironmentalConditionsDetection
ontolidar:ControlModule,Control module,,Componente di controllo,Módulo de control,控制模块,,,The control module is the interface between the external controller (human or machine) and the lidar system,,Modulo di interfaccia fra l'utente di controllo esterno (umano per controllo manuale o un software per un controllo automatico) ed il sistema lidar.,El módulo de control representa la interfaz entre el controlador externo (humano o máquina) y el sistema lidar.,控制模块是外部控制（人或机器）与激光雷达系统之间的接口,,ontolidar:Design,,,,,,Definition based on the OpenLidar module definitions at https://github.com/e-WindLidar/OpenLidarModuleDefinitions,,Definizione basata sulla definizione di modulo del progetto OpenLidar. Vedasi https://github.com/e-WindLidar/OpenLidarModuleDefinitions
ontolidar:CommunicationsModule,Communications module,,Componente di comunicazione,Componentes de comunicación,通讯模块,,,The system of devices and software that transmit and receive data and commands to and from the lidar device,,"Modulo (composto da parti hardware e software) che trasmette e riceve dati e comandi, da e per il sistema lidar.",Sistema de dispositivos y software que transmite y recibe datos.,向激光雷达设备发送和接收数据和命令的设备和软件系统,,ontolidar:ControlModule,,,,,,Definition based on the OpenLidar module definitions at https://github.com/e-WindLidar/OpenLidarModuleDefinitions,,Definizione basata sulla definizione di modulo del progetto OpenLidar. Vedasi https://github.com/e-WindLidar/OpenLidarModuleDefinitions
ontolidar:SignalProcessingModule,Signal processing module,,Componente di processamento dati,Módulo de procesamiento de señal,信号处理模块,,,The signal processing module is used to convert the data acquired by the lidar into a data product,,Modulo utilizzato per convertire i dati acquisiti dal lidar nei dati finali richiesti.,El módulo de procesamiento de datos se utiliza para convertir los datos adquridos por el lidar en datos finales.,信号处理模块用于将激光雷达采集到的原始数据转化为（输出的）数据产品,,ontolidar:ControlModule,,ontolidar:DataProcessing,,,,Definition based on the OpenLidar module definitions at https://github.com/e-WindLidar/OpenLidarModuleDefinitions,,Definizione basata sulla definizione di modulo del progetto OpenLidar. Vedasi https://github.com/e-WindLidar/OpenLidarModuleDefinitions
ontolidar:Filter,Filter,,Filtro,Filtro,,,,Low pass filter. Signal random noise from hardware and  unwanted backscattered light is whitenned and a threshold is applied to filter out undesired signal noise. ,,,,,,ontolidar:SignalProcessingModule
ontolidar:FrequencyAnalyser,Frequency analyser,,Analizzatore della frequenza,Analizador de frecuencia,,,,"Once the analog signal is converted to a digital signal, a frequency analyser is used to determine the frequency spectra of this digital signal. This device yields the beating frequency, so that, the Doppler frequency shift.",,,,,,ontolidar:SignalProcessingModule
ontolidar:PeakIdentification,Peak identification,,Identificazione del picco,Detección de pico,,,,"Peak identification refers to the method used to retrieve the Doppler frequency shift from the frequency spectra. Common methods to obtain the Doppler frequency out of the frequency spectra are the maximum, the median and the centroid fucntion",,,,,,ontolidar:FrequencyAnalyser,,ontolidar:DopplerSpectra
ontolidar:Fft,FFT,,FFT,FFT,,,,Fast fourier transform. Methodology to switch the lidar data time series to the frequency domain in order to achieve the frequency spectra.,,Trasformata di Fourier rapida. Metodo per trasformare la serie temporale dei dati nel suo spettro di potenza.,,,,ontolidar:FrequencyAnalyser
ontolidar:FrequencyAnalyserSampleRate,Frequency analyser sample rate,,Frequenza di campionamento dell'analizzatore,Tasa de muestreo,,,,Number of frequency spectra the lidar computes to obtain the radial velocity for one single realisation.,,Frequenza di campionamento della velocità radiale. E' l'inverso del numero di spettri che vengono combinati per tale misurazione.,,,,ontolidar:FrequencyAnalyser,Hz
ontolidar:StorageModule,Storage module,,Componente di stoccaggio dati,Módulo de almacenamiento,存储模块,,,The storage module is responsible for saving data in the lidar system which will be accessed by users at some future time.,,"Sistema di memoria dati del lidar. Utilizzato per avere accesso ai dati in ogni momento, su richiesta dell'utente.",El módulo de almacenamiento se ocupa del almacenaje de datos que serán utilizados por el usuario en el futuro.,存储模块负责将数据保存在激光雷达系统中，用户将来可以访问这些数据。,,ontolidar:ControlModule,,,,,,Definition based on the OpenLidar module definitions at https://github.com/e-WindLidar/OpenLidarModuleDefinitions,,Definizione basata sulla definizione di modulo del progetto OpenLidar. Vedasi https://github.com/e-WindLidar/OpenLidarModuleDefinitions
ontolidar:OpticsModule,Optics module,,Componenti ottiche,Módulo óptico,光学模块,,,The optics module is designed to alter the original laser beam into radiation with desired specification that can be sent to the target and received by the detector properly.,,Parte del lidar che trasforma le proprietà della luce laser da quelle della sorgente a quelle ottimali per essere inviate sul target e poi raccolte dal ricevitore.,El módulo óptico está diseñado para modificar el rayo láser original y converirlo en radiación con las especificiones  deseadas (modos) que pueda ser enviada al objetivo y racibida por el detector de forma adecuada.,光学模块旨在将原始激光束转换为具有所需规格的辐射，可以将其发送到目标并由探测器正确接收。”,,ontolidar:Design,,,,,,Definition based on the OpenLidar module definitions at https://github.com/e-WindLidar/OpenLidarModuleDefinitions,,Definizione basata sulla definizione di modulo del progetto OpenLidar. Vedasi https://github.com/e-WindLidar/OpenLidarModuleDefinitions
ontolidar:Telescope,Telescope,Teleskop,Telescopio,Telescopio,望远镜,,,"The system of lenses, mirrors and other optical and mechanical components that emit and receive laser light.",,"Il sistema di lenti, specchi ed altri elementi ottici e meccanici che in un lidar emettono e ricevono luce laser.","Sistema de  lente, espejos y otros comonentes ópticos.",发射和接收激光的透镜、反射镜和其他光学和机械组件的系统,,ontolidar:OpticsModule
ontolidar:TelescopeApertureDiameter,Telescope aperture diameter,,Diametro dell'apertura del telescopio,Diámetro de apertura del telescopio,望远镜光圈直径,,,Characteristic optical diameter of the lidar telescope. The aperture through which laser light is emitted and received.,,Diametro ottico del telescopio del lidar. La finestra attraverso cui il laser viene emesso e ricevuto fra lo spazio interno del lidar e l'ambiente esterno.,Diámetro de la apertura del telescopio. La aperture a través de la cual se emite y recibe la luz láser.,激光雷达望远镜的特征光学直径. 发射和接收激光的孔径,,ontolidar:Telescope,meters
ontolidar:FocalLength,Focal length,,Lunghezza focale,,,,,Distance between the lense and the target.,,Distanza fra il centro della lente ed il suo punto focale.,Distancia focal del telescopio. Distancia entre la lente y el blanco.,,,ontolidar:Telescope,,ontolidar:ProbeVolume
ontolidar:EndFibreToLensDistance,End-fibre to lens distance,,Distanza fra il termine della fibra ottica e la la lente,,,,,Distance between the end-fibre and the lens. Continuous wave lidars use this distance to vary the focal length.,,Distanza fra il punto terminale della fibra ottica ed il centro della lente.,,,,ontolidar:Telescope,,ontolidar:ProbeVolume
ontolidar:Lense,Lense,,Lente,Lente del telescopio,,,,Expands the outgoing beam and collimates the backscattered one.,,Sistema ottico per espandere e collimare un fascio di luce.,,,,ontolidar:Telescope
ontolidar:PhotonicsModule,Photonics module,,Componente fotonica,Módulo de fotónica,光子模块,,,The photonics module is the source of emitted light that will be used for the measurements.,,Modulo sorgente della luce laser utilizzato per le misurazioni. ,El módulo fotónico es la fuente de emisión de  luz utilizada para efectuar las medidas.,光子模块是用于测量的发射光的光源。,,ontolidar:Design,,,,,,Definition based on the OpenLidar module definitions at https://github.com/e-WindLidar/OpenLidarModuleDefinitions,,Definizione basata sulla definizione di modulo del progetto OpenLidar. Vedasi https://github.com/e-WindLidar/OpenLidarModuleDefinitions
ontolidar:LaserSource,Laser source,,Sorgente laser,Fuente láser,激光源,,,An assembly to generate and manage laser light.,,Un sistema di generazione e controllo della luce laser.,Conjunto de dispositivos para generar y regular el rayo de luz láser.,一种产生和控制激光的组件。,,ontolidar:PhotonicsModule
ontolidar:LaserDiode,Laser diode,,Diodo laser,Diodo láser,激光二极管,,,A semiconductor component to generate laser light of a defined frequency.,,Un dispositivo optoelettronico a semiconduttore che genera luce laser monocromatica.,Componente semiconductor destinado a generar luz láser de una frecuencia definida.,一种半导体元件，用于产生规定频率的激光。,,ontolidar:LaserSource
ontolidar:LaserMode,Laser mode,,Modo del laser,,,,,"Integer characterising the relation between wavelength and laser cavity length. Is a combination of laser light and laser resonance cavity characteristics. Given a certain wavelength, and length of the laser cavity only certain modes are permitted.",,Numeri interi dati dal rapporto fra la lunghezza d'onda della luce emessa e la lunghezza della cavità laser emettitrice.,,,,ontolidar:LaserSource
ontolidar:LaserFrequency,Laser frequency,,Frequenza del laser,,,,,Light frequency of the laser source.,,Frequenza della luce della sorgente laser.,,,,ontolidar:LaserMode
ontolidar:LaserPolarisation,Laser polarisation,,Polarizzazione del laser,,,,,Polarization of the laser source signal.,,Polarizzazione della luce della sorgente laser.,,,,ontolidar:LaserMode
ontolidar:LaserPhase,Laser phase,,Fase del laser,,,,,Light phase of the laser source.,,Fase della luce della sorgente laser,,,,ontolidar:LaserMode
ontolidar:LaserIntensity,Laser intensity,,Intensità del laser,,,,,Light intensity of the laser source.,,Intensità della luce della sorgente laser.,,,,ontolidar:LaserMode
ontolidar:LaserDiodeWavelength,Laser diode wavelength,,Lunghezza d'onda del diodo laser,Longitud de onda del diodo láser,激光二极管波长,,,"The nominal wavelength of the laser source. This is defined in units of meters, e.g., 1450e-9 m for a near-infrared laser source.",,La lunghezza d'onda nominale della sorgente laser. Definita in unità di lunghezzza (metri): ad esempio 1450E-9 m per una sorgente laser nel vicino infrarosso.,Longitud de onda nominal del láser,激光源的标称波长。这是以米为单位定义的，例如，对于近红外激光源，1450E-9米。,,ontolidar:LaserDiode,meters
ontolidar:AcoustoOpticModulator,Acousto optic modulator,,Modulatore acusto-ottico,Modulador acusto-óptico,声光调制器,,,"Device using the acousto-optic effect to change the frequency of the light beam by means of sound waves, usually radiofrequency. It is used in pulsed lidars to create the pulse from the continuously emmited light by the laser source. Usually referred as Bragg cell.",,Cella di Bragg per diffrangere e traslare in frequenza la luce utilizzando onde sonore a radiofrequenza. Produce un fascio pulsato in uscita.,Celda de Bragg utilizada para difractar y trasladar la frecuencia de la luz mediante el uso de ondas sonoras de radiofrecuencia. Produce un rayo pulsado a la salida.,布拉格单元利用声波（射频）对光进行衍射和移频。产生一个脉冲输出光束。,"AOM, Bragg cell",ontolidar:PhotonicsModule,,,,,,Only pulsed lidar,,Valido solo per sistemi lidar impulsati
ontolidar:AomRadioFrequency,AOM radio frequency,,,,,,,Radio frequency used by the acoustic modulator to modulate the pulse (for pulsed lidars),,Frequenza radio usata dal modulatore acustico per modulare l'impulso luminoso (per lidar impulsati),,,,ontolidar:AcoustoOpticModulator
ontolidar:AomPulsedmethod,AOM PulsedMethod,,,,,,,Method used to shape the pulse,,Metodo per regolare la forma dell'impulso in lidar impulsati,,,,ontolidar:AcoustoOpticModulator
ontolidar:AomQswitching,AOM QSwitching,,,,,,,"Technique by which short light pulses, tipically nanoseconds, can be obtained from a continuous wave laser source, with a given pulse repetition rate controlled via a modulator.",,Tecnica di produzione di impulsi brevi di luce a partire da una sorgente laser di luce continua. La frequenza dell'impulso è regolata da un modulatore.,,,,ontolidar:AcoustoOpticModulator
ontolidar:AomInsertionLoss,AOM Insertion loss,,,,,,,Power loss due to the insertion of the acoustic modulator.,,Perdita di potenza docuta alla presenza di un modulatore acustico.,,,,ontolidar:AcoustoOpticModulator
ontolidar:EmittedLight,Emitted light,,Luce emessa,,,,,"Characteristics of the emitted light, namely: intensity, frequency/wavelength and polarisation. Lidar can be classified differently according to different design parameters. One of the possible classifications is based on the difference of emmited light. In this sense lidar can be characterised as Pulsed lidar, where lidar emmits pulsed light or Continuous wave lidar, where lidar emmits light in a continuous form.",,"Caratterisiche della luce emessa: intensità, frequenza (o lunghezza d'onda), polarizzazione. Non da ultimo, tipo di sorgente luminosa: pulsata o continua.",,,,ontolidar:PhotonicsModule,,ontolidar:AcoustoOpticModulator
ontolidar:ContinuousWaveLidar,Continuous Wave lidar,,Lidar ad onda continua,,,,,Type of the emitted light characterised for its continuous emission,,Lidar la cui luce è emessa in modo continuo.,,,,ontolidar:EmittedLight
ontolidar:PulsedLidar,Pulsed lidar,,Lidar pulsati,,,,,Lidar whose emitted light is modulated to form a pulse emission.,,Lidar la cui luce è modulata nella forma di impulsi.,,,,ontolidar:EmittedLight
ontolidar:PulseShape,Pulse shape,,,,,,,"Continuous wave light can be modulated (e.g. with an acousto-optic-modulator or AOM) to obtain pulses at high power intensities altering the transmitted power and concentrating this energy in a short space. The power intensity around this area can be described as a gaussian function centered around the frequency of interest, which is commonly used to describe the shape of the pulse.",,Forma dell'impulso emesso.,,,,ontolidar:PulsedLidar
ontolidar:PulseDuration,Pulse duration,,,,,,,"Duration of the light pulse. When we represent the intensity of the light pulse in the time domain the pulse duration can be characterise by the FWHM of the function describing that intensity. Lidars do not measure in a single point but rather whithin a probe volume, so that the FWHM characterises the probe volume whithin which the lidar is actually measuring. Therefore, the pulse duration directly impacts lidar estimations, since higher pulse durations give rise to longer probe volumes.",,Durata dell'impulso emesso. Caratterizza la lunghezza della sonda.,,,,ontolidar:PulsedLidar
ontolidar:PulseSampleRate,Pulse sample rate,,Frequenza di campionamento del laser pulsato,,,,,Time slot between pulses sent to sample the wind.,,Tempo fra due impulsi laser inviati nell'ambiente da un lidar pulsato.,,,,ontolidar:PulsedLidar
ontolidar:BackscatteredLight,Backscattered light,,Luce riflessa,,,,,Light reaching the detector.,,Luce che raggiunge il fotorivelatore del lidar.,,,,ontolidar:PhotonicsModule
ontolidar:DesiredBackscatteredLight,Desired backscattered light,,Luce riflessa portatrice di segnale,,,,,Light from the lidar beam (desired frequency and polarization) reaching the detector.,,Porzione della luce che raggiunge il fotorivelatore proveniente dal moto ventoso (tipicamente polarizzata).,,,,ontolidar:BackscatteredLight
ontolidar:NonDesiredBackscatteredLight,Non-desired backscattered light,,Luce riflessa portatrice di rumore ambientale,,,,,Non-desired light from atmosphere (non polarised) reaching the detector,,Porzione della luce che raggiunge il fotorivelatore non dovuta al moto ventoso (tipicamente non polarizzata).,,,,ontolidar:BackscatteredLight
ontolidar:Detector,Detector,,Rilevatore,Detector,探测器,,,An assembly to gather and detect incident light,,"Gruppo di sistemi per ricevere, rilevare e misurare la luce incidente.",Conjunto de dispositivos encargados de recoger y detectar la luz incidente.,收集和检测入射光的组件,,ontolidar:PhotonicsModule
ontolidar:OpticalAmplifier,Optical amplifier,,Amplificatore ottico,Amplificador óptico,光放大器,,,An assembly to amplify the outgoing laser light signal. ,,Sistema di amplificazione della potenza ottica della luce laser emessa.,Conjunto de dispositivos utilizados para amplificar la luz del láser emitido sin convertirlo previemente en señal eléctrica.,放大输出的激光信号而不将其转换为电信号的组件。,,ontolidar:Detector,,,,,,Definition based on Wikipedia entry at https://en.wikipedia.org/wiki/Optical_amplifier,,Definizione basata sulla definizione di modulo del progetto OpenLidar. Vedasi https://github.com/e-WindLidar/OpenLidarModuleDefinitions
ontolidar:OpticalAmplifierGain,Optical amplifier gain,,Guadagno dell'amplificatore ottico,,,,,Power gain due to the optical amplification,,Guadagno di potenza dovuto all'amplificazione ottica,,,,ontolidar:OpticalAmplifier
ontolidar:OpticalAmplifierBandwidth,Optical amplifier bandwidth,,Larghezza d'onda dell'amplificatore ottico,,,,,Working bandwith of the optical amplifier,,Banda di frequenza attiva nell'amplificatore ottico,,,,ontolidar:OpticalAmplifier
ontolidar:BeamSplitter,Beam splitter ,,Sdoppiatore ottico,Divisor de haz,分束器,,,"An optical assembly to split the laser beam into two or more beams (multi beams). In a lidar, the laser source beam is split into two different beams. One is sent out to the atmosphere to detect the aerosols motion. The other one is sent to the photodetector, where it will be used as a local reference to identify the frequency shift of the backscattered beam. Usually the beam splitter also polarises the beam so that it is distinguishable from the atmospheric background light.",,Un sistema ottico per la divisione di un fascio laser in due o più fasci. ,Sistema para dividir el rayo láser en dos o más rayos.,一种将激光束分成两束或更多束的光学组件。,beamsplitter,ontolidar:Detector,,,,,,Definition based on Wikipedia entry at https://en.wikipedia.org/wiki/Beam_splitter,,Definizione basata sulla definizione presente in Wikipedia a: https://en.wikipedia.org/wiki/Beam_splitter
ontolidar:Photodetector,Photodetector,,Fotorivelatore,Fotodetector,光电探测器,,,Semiconductor light sensor.,,Fotosensore a semi-conduttori.,Sensor de luz semiconductor.,半导体光传感器。,,ontolidar:Detector
ontolidar:PhotodetectorGain,Photodetector gain,,Guadagno del fotorivelatore,Ganancia del fotodetector,光电探测器增益,,,The gain of the photodetector transimpedance amplifier.,,Guadagno dell'amplificatore a transimpedenza del fotodetettore.,Ganancia del semiconductor.,光电探测器跨阻放大器的增益。,,ontolidar:PhotoDetector
ontolidar:PhotodetectorActiveArea,Photodetector active area,,Area attiva del fotorivelatore,,,,,"Photodiode area where the backscattered light is focused onto (and the photoelectric effect occurs) in order to convert it into an electrical signal. Can be any shape and can range in size from less than a square millimetre to over a square centimetre. Photodetector sensitivity is affected by the active area, since higher active areas yields better (lower) sensitivity.",,"Area del fotodiodo dove la luce di backscatter viene convogliata per produrre un segnale elettrico via effetto fotoelettrico. La sua dimensione e forma possono variare molto, da meno di un millimetro quadrato a più di un centimetro quadrato. La sensività del fotodetettore è influenzata dalla sua area attiva, siccome l'area attiva produce migliore (inferiore) sensività.",,,,ontolidar:PhotoDetector,,,,,,"E.G.: sensitivity of 1nW means that I can distinguish 1mW signal from noise, which is better than a sensitivity of 1W "
ontolidar:PhotodetectorSnr,Photodetector SNR,,SNR del fotorivelatore,,,,,"Photodetector signal to noise ratio. Main contributors are: Thermal noise, shot noise and dark current noise.",,"Rapporto segnale/rumore del fotodetettore. I principali contributi al rumore sono il rumore termico, il sumore di shot ed il rumore da correnti nere.",,,,ontolidar:PhotoDetector
ontolidar:PhotodetectorVoltageNoise,Photodetector voltage noise,,Rumore di tensione del fotorivelatore,Ruido de voltaje del fotodetector,光电探测器电压噪声,,,The voltage noise of the photodetector transimpedance amplifier.,,Rumore di tensione dell'amplificatore a transimpedenza del fotodetettore.,Ruido de voltaje del fotodetector.,光电探测器跨阻放大器的电压噪声。,,ontolidar:PhotoDetector
ontolidar:AnalogToDigitalConverter,Analog to digital converter,,Convertitore analogico-digitale,Convertidor analógico-digital,,,,"Converts the analog beating signal, representing the Doppler shift, from the photodetector to digital signal to be fed into the frequency analyser. The resolution of the ADC depends on the number of bits. For a wind lidar device n° of bits is usually between 12 an 16.",,Convertitore del segnale analogico del fotodetettore in segnale digitale per l'analizzatore di frequenza.,,,,ontolidar:Detector
ontolidar:Interfaces,Interfaces,,Sistema di trasmissione del fascio,Sistema de transmisión del haz,(光子)光束传输系统,,,Beam transmission system,,Sistema di trasmissione del lidar.,Sistema de transmisión de la señal lidar.,全光纤传输激光雷达系统,,ontolidar:PhotonicsModule,,,,,,True if lidar is all-fibre,,Vero per sistemi all-fibre
ontolidar:Fibre,Fibre,,,,,,,"Beam transmission system based on fibre transmission. Lidar hardware components are connected to each other by fibre optics to guide the beam along its path. Specially for the telescope module, using fibre optics makes possible to avoid costly and cumbersome alignment processes.",,Sistema di trasmissione del fascio laser basato du un sistema di fibra ottica.,,,,ontolidar:Interfaces
ontolidar:MultiMode,Multi-mode,,,,,,,Fibre mode (to remove??),,,,,,ontolidar:Fibre
ontolidar:SingleMode,Single mode,,,,,,,Fibre mode (to remove??),,,,,,ontolidar:Fibre
ontolidar:PowerModule,Power module,,Componente di alimentazione,Módulo de alimentación,电源模块,,,"The Power Module is responsible for supplying power to the entire lidar system, including motors, lasers, sensors, and detectors.",,"Modulo di rifornimento e distribuzione dell'energia in ogni parte del sistema lidar, inclusi i motori, il laser, i sensori ed il ricevitore.",El módulo de potencia (o de alimentación) es responsable de abastecer al lidar de la energía necesaria para el funcionamiento del sistema.,电源模块负责为整个激光雷达系统供电，包括对电机、激光器、传感器和探测器等的供电。,,ontolidar:Design,,,,,,Definition based on the OpenLidar module definitions at https://github.com/e-WindLidar/OpenLidarModuleDefinitions,,Definizione basata sulla definizione di modulo del progetto OpenLidar. Vedasi https://github.com/e-WindLidar/OpenLidarModuleDefinitions
ontolidar:PowerConverter,Power converter,,Converter di potenza,,,,,,,,,,,ontolidar:PowerModule
ontolidar:UninterruptablePowerSupply,Uninterruptable power supply,,Gruppo di continuità (UPS),Sistema de alimentación ininterrumpida o SAI,不间断电源(UPS),,,A device provided with batteries and a transformer ensuring a continuous and reliable power supply. This device allows the lidar to work off-line. ,,Gruppo di continuità (UPS).,Sistema de alimentación ininterrumpida (SAI).,不间断电源（UPS）,,ontolidar:PowerModule
ontolidar:UpsBatteryVoltage,UPS battery voltage,,Voltaggio della batteria dell'UPS,Voltaje de batería del SAI,UPS电池电压,,,The battery voltage.,,Il voltaggio della batteria (in unità di Volt).,Voltaje de la batería. Unidade en voltios.,电池电压，单位是伏特。,,ontolidar:UninterruptiblePowerSupply,volts
ontolidar:UpsBatteryCapacity,UPS battery capacity,,Capacità della batteria dell'UPS,Capacidad de la batería del SAI,UPS电池容量,,,The total stored energy in the battery voltage. ,,La capacità massima del gruppo di continuità (in unità di Ampere-ora (Ah)),Energía total acumulada en al batería.,电池电压中存储的总能量，单位是安时 (Ah),,ontolidar:UninterruptiblePowerSupply,Ah
ontolidar:Power,Power,,Potenza,,,,,Lidar working power provided by the USP when working off-line,,Potenza emessa dal gruppo di continuità per garantire l'operabilità del lidar quando disconnesso dalla rete elettrica.,,,,ontolidar:UninterruptiblePowerSupply,W
ontolidar:Intensity,Intensity,,Intensità,,,,,Lidar working current intensity provided by the USP when working off-line,,Intensità della corrente elettrica provvigionata dal gruppo di continuità. ,,,,ontolidar:UninterruptiblePowerSupply,A
ontolidar:ScannerModule,Scanner module,,Componente di scansione,Módulo del escáner,扫描器模块,,,The scanner orients the beam with respect to the housing and other parts of the lidar system. The scanner may be capable of one or more degrees of freedom.,,Modulo che muove il fascio laser rispetto all'asse principale ed alle altre parti del sistema. Può essere dotato di uno o più gradi di libertà.,El escáner orienta el rayo láser con respecto al alojamiento y otros elementos del sistema. El escáner puede tener uno o más grados de libertad.,扫描器使光束相对于外壳和激光雷达系统的其他部分定向。扫描仪可以有一个或多个自由度。,,ontolidar:Design,,ontolidar:ScanningGeometry,,,,Definition based on the OpenLidar module definitions at https://github.com/e-WindLidar/OpenLidarModuleDefinitions,,Definizione basata sulla definizione di modulo del progetto OpenLidar. Vedasi https://github.com/e-WindLidar/OpenLidarModuleDefinitions
ontolidar:ScannerAzimuthPositioningServo,Scanner azimuth positioning servo,,Servomotore per la scansione nella direzione azimutale,Servomotor de posicionamiento azimut del escáner,扫描器方位定位伺服,,,The azimuth servo motor that drives the scanner in the azimuthal direction. ,,Servomotore dedicato a muovere il modulo di scansione nel piano azimutale.,El servomotor ayimutal gestiona el escáner en la dirección azimutal.,方位角伺服马达驱动扫描器在方位角方向上变化。,,ontolidar:ScannerModule
ontolidar:AzimuthAngle,Azimuth angle,,Azimut,Azimut,方位角,,,The angle between the line of sight of the lidar and a reference vector on the reference coordinate system.,,L'angolo fra la direzione del fascio laser ed un vettore di riferimento in un piano di riferimento.,"Angulo subtendido entre la línea de visión (line-of-sight o LOS, por sus siglas en inglés) del lidar y el vector de referencia del plano de referencia.",激光雷达的视线与基准平面上的参考向量之间的夹角。,Azimuth angle,ontolidar:ScannerAzimuthPositioningServo,degrees,,,,,"The reference vector from which the azimuth is defined is often true north, but could be some other defined vector.",,"Il vettore di riferimento dell'angolo di azimith è spesso quello che indica il nord geografico. Un qualsiasi altro vettore, in realtà, potrebbe analogamente servire allo scopo."
ontolidar:AzimuthSlewRate,Azimuth slew rate,,Velocità massima azimutale,Velocidad de giro azimutal,方位角回转率,,,The maximum rate of operation of the servo motor in the azimuthal direction.,,Massima velocità di operazione del servomotore nel piano azimutale.,Velocidad máxima de funcionamiento del servomotor en la dirección azimutal.,伺服电机在方位角方向的最大运行速率,,ontolidar:ScannerAzimuthPositioningServo,degrees per second
ontolidar:ScannerElevationPositioningServo,Scanner elevation positioning servo,,Servomotore per la scansione nella direzione di elevazione,Servomotor del posicionamiento de elevación del escáner,扫描仪仰角定位伺服,,,The elevation servo motor that drives the scanner in the elevation direction.,,Servomotore dedicato a modificare l'altezza sull'orizzonte del fascio laser.,El servomotor de elevación acciona el escáner en la dirección de elevación.,仰角伺服电机在仰角方向驱动扫描仪,,ontolidar:ScannerModule
ontolidar:ElevationAngle,Elevation angle,,Elevazione,Elevación,仰角,,,The angle between the line of sight of the lidar and the reference coordinate system.,,L'angolo fra la direzione del fascio laser e un piano di riferimento.,"Angulo subtendido entre la línea de visión (line-of-sight o LOS, por sus siglas en inglés) del lidar y el plano de referencia.",激光雷达的视线与基准平面之间的夹角。,Elevation angle,ontolidar:ScannerElevationPositioningServo,degrees
ontolidar:ElevationSlewRate,Elevation slew rate,,Velocità massima di elevazione,Velocidad de giro de elevación,仰角回转率,,,The maximum rate of operation of the servo motor in the elevation direction.,,Massima velocità di modifica dell'altezza del fascio laser.,Velocidad máxima de funcionamiento del servomotor en la dirección de elevación.,伺服电机在仰角方向的最大运行速率,,ontolidar:ScannerElevationPositioningServo,degrees per second
ontolidar:ScannerMirrors,Scanner mirrors,,Specchi dello scanner,,扫描镜,,,"Scanner components intended to modify the beam trajectories of both, the laser beam and the backscattered one. The scanner mirrors steer the outgoing beam  towards the atmosphere and the backscattered incoming beam towards the receiver. Usually,some of these mirrors are coupled with servo motors, enabling the lidar to perform measurements in differents orientations by varying the mirror angles.",,Specchi per modificare il cammino ottico del fascio laser fra il telescopio e l'atmosfera esterna.,Espejos destinados a modificar la trayectoria del haz entre el telescopio y la atmósfera.,修改望远镜和大气层之间光束路径的镜子。,,ontolidar:ScannerModule
ontolidar:ScanningSampleRate,Scanning sample rate,Scanning sample rate,Frequenza di campionamento,Tasa de muestreo del escáner,扫描采样率,,Hz,Frequency of the scanning pattern. Time the scanner takes to complete a measuring pattern.,,Frequenza della sequenza di scansionamento. Tempo che lo scanner impiega per concludere un ciclo.,Frecuencia del patrón de escaneo. Tiempo que tarda en completarse un patrón de escaneo.,扫描模式的频率，即扫描器完成一次（设定模式）采样所需的时间,,ontolidar:ScannerModule
ontolidar:InterlocksModule,Interlocks module,,Dispositivi di sicurezza,Dispositivos de seguidad,安全联锁,,,The interlocks are a dispersed set of safety systems that prevent or mitigate potentially dangerous activities.,,"Meccanismi di sicurezza diffusi nel sistema lidar, atti a prevenire o mitigare le conseguenze di possibili malfunzionamenti. ",Las interconexiones son un conjunto de sistemas de seguridad instalados a lo largo de los componentes del lidar que impiden o mitigan las actividades potencialmente peligrosas.,联锁装置是一组分散的安全系统，可防止或降低潜在的危险。,,ontolidar:Design,,,,,,Definition based on the OpenLidar module definitions at https://github.com/e-WindLidar/OpenLidarModuleDefinitions,,Definizione basata sulla definizione di modulo del progetto OpenLidar. Vedasi https://github.com/e-WindLidar/OpenLidarModuleDefinitions
ontolidar:Devices,Devices,Geräte,Dispositivi lidar,Dispositivos,设备,,,Specific implementations of wind lidar technologies. The ones that we thought off first.,,Particolari realizzazioni di tecnologie lidar per applicazioni eoliche. Quelle che ci sono venute in mente di prim'acchito.,Implementaciones específicas de la tecnología del lidar de viento.,测风激光雷达技术的具体实现设备。,,,,,,,,Please send info for the devices not present in this list yet.,,"Per favore, inviate informazioni relative a sistemi non presenti in questa lista.",,,,,"Per favore, inviate informazioni sui devices che volete vedere inclusi in questa lista."
ontolidar:Windscanner(ToBeRemoved?),Windscanner (to be removed?),Windscanner,Lidar 'WindScanner',Escáner de viento,Windscanner测风雷达,,,One of many different types of system that can be used to perform convergent scan geometries. Originally referred to the DTU-led windscanner.eu project.,,Uno dei vari tipi di sistemi che possono essere utilizzati per effettuare scansioni su geometrie convergenti. Originariamente noto come il progetto windscanner.eu project di DTU.,Uno de los varios tipos de sistemas que se pueden utilizar para realizar escaneos de geometría convergente.  Originariamente hace referencia al proyecto windscanner.eu de DTU.,一种激光雷达测风系统，可用于进行会聚扫描的几何形状。最初是指DTU领导的winddscanner.eu项目。,,ontolidar:Devices,,,,,,Describing a wind lidar unit as 'a windscanner' is insufficient information to uniquely describe it's capabilities.
ontolidar:WindIris(ToBeRemoved?),Wind Iris (to be removed?),Wind Iris,Lidar 'Wind Iris',Wind Iris,Wind Iris测风雷达,,,Type of free-standing lidar device intended for use as a forward-looking lidar mounted on a wind turbine nacelle,,Un particolare tipo di sistema stand-alone lidar con applicazioni per misurazioni dalla navicella di una turbina eolica.,"Tipo de dispositivo lidar autónomo destinado a ser utilizado como lidar de visión frontal de  flujo entrante, montado en la góndola de un aerogenerador.",一种独立式激光雷达设备，主要作为前视激光雷达安装在风电机组机舱上,,ontolidar:Devices,,,,,,Describing a wind lidar unit as 'a wind iris' is insufficient information to uniquely describe it's capabilities.
ontolidar:Windcube,Windcube,WindCube,Lidar 'WindCube',WindCube,,,,Family of wind lidars produced by Leosphere - a Vaisala company. Please refer to https://www.vaisala.com/en/wind-lidars/wind-energy.,,"Famiglia di lidars prodotti da Leosphere - a Vaisala company. Per maggiori informazioni, visitare https://www.vaisala.com/en/wind-lidars/wind-energy.",,,,ontolidar:Devices
ontolidar:Windcube,Windcube,WindCube,Lidar 'WindCube',WindCube,,,,Vertical profiler manufactured by Leosphere - a Vaisala company.,,Lidar verticale prodotto da Leosphere - a Vaisala company,,,,ontolidar:Windcube
ontolidar:WindcubeScan,WindCube Scan,WindCube Scan,Lidar 'WindCube Scan',WindCube Scan,,,,Long range scannig lidar manufactured by Leosphere - a Vaisala company.,,Scanner a lungo raggio prodotto da Leosphere - a Vaisala company.,,,,ontolidar:Windcube
ontolidar:WindcubeNacelle,WindCube Nacelle,WindCube Nacelle,Lidar 'WindCube Nacelle',WindCube Nacelle,,,,"Nacelle mounted lidar manufactured by Leosphere - a Vaisala company.
",,Lidar per navicella prodotto da Leosphere - a Vaisala company.,,,,ontolidar:Windcube
ontolidar:Zephir,Zephir,Zephir,Lidar 'Zephir',Zephir,,,,Family of wind lidars produced by ZX lidars. Please refer to https://www.zxlidars.com/our-wind-lidars/.,,"Famiglia di lidars prodotti da ZX lidars. Per maggiori informazioni, visitare https://www.zxlidars.com/our-wind-lidars/",,,,ontolidar:Devices
ontolidar:Zx300,ZX300,ZX300,Lidar 'ZX300',ZX300,,,,Vertical profiler manufactured by ZX lidars.,,Seconda generazione di lidar verticali compatti prodotti da ZX lidars.,,,,ontolidar:Zephir
ontolidar:Zxtm,ZXTM,ZXTM,Lidar 'ZXTM',ZXTM,,,,Nacelle mounted lidar manufactured by ZX lidars.,,Lidar per navicella prodotto da ZX lidars.,,,,ontolidar:Zephir
ontolidar:WindarPhotonics,Windar Photonics,Windar Photonics,Lidar 'Windar Photonics',Windar Photonics,,,,Family of wind lidars produced by Windar Photonics. Please refer to https://www.windarphotonics.com/.,,"Famiglia di lidars prodotti da Windar Photonics. Per maggiori informazioni, visitare https://www.windarphotonics.com/.",,,,ontolidar:Devices
ontolidar:WindEye,Wind Eye,Wind Eye,Lidar 'Wind Eye',Wind Eye,,,,Nacelle mounted lidar manufactured by Windar Photonics.,,Lidar per navicella prodotto da Windar Photonics.,,,,ontolidar:WindarPhotonics
ontolidar:WindVision,Wind Vision,Wind Vision,Lidar 'Wind Vision',Wind Vision,,,,Nacelle mounted lidar manufactured by Windar Photonics.,,Lidar per navicella prodotto da Windar Photonics.,,,,ontolidar:WindarPhotonics
ontolidar:Epsiline,Epsiline,Epsiline,Lidar 'Epsiline',Epsiline,,,,Family of wind lidars produced by Epsiline. Please refer to http://www.epsiline.com/.,,"Famiglia di lidars prodotti da Epsiline. Per maggiori informazioni, visitare http://www.epsiline.com/.",,,,ontolidar:Devices
ontolidar:WindEagle,Wind Eagle,Wind Eagle,Lidar 'Wind Eagle',Wind Eagle,,,,Nacelle mounted lidar manufactured by Epsiline.,,Lidar per navicella prodotto da Epsiline.,,,,ontolidar:Epsiline
ontolidar:Movelaser,MoveLaser,MoveLaser,Lidar 'MoveLaser',MoveLaser,,,,Family of wind lidars produced by Nanjing MoveLaser. Please refer to https://mgwtradenservice.com.au/wind-measurement-lidars/.,,"Famiglia di lidars prodotti da Nanjing MoveLaser. Per maggiori informazioni, visitare https://mgwtradenservice.com.au/wind-measurement-lidars/.",,,,ontolidar:Devices
ontolidar:MolasB300,Molas B300,Molas B300,Lidar 'Molas B300',Molas B300,,,,Vertical profiler manufactured by Nanjing MoveLaser.,,Lidar verticale prodotto da Nanjing MoveLaser.,,,,ontolidar:MoveLaser
ontolidar:MolasNl,Molas NL,Molas NL,Lidar 'Molas NL',Molas NL,,,,Nacelle mounted lidar manufactured by Nanjing MoveLaser.,,Lidar per navicella prodotto da Nanjing MoveLaser.,,,,ontolidar:MoveLaser
ontolidar:Leice,Leice,Leice,Lidar 'Leice',Leice,,,,Family of wind lidars produced by Leice. Please refer to http://www.leice-lidar.com/en/index.html.,,"Famiglia di lidars prodotti da Leice. Per maggiori informazioni, visitare http://www.leice-lidar.com/en/index.html.",,,,ontolidar:Devices
ontolidar:Windmast,WindMast,WindMast,Lidar 'WindMast',WindMast,,,,Vertical profiler manufactured by Leice.,,Lidar verticale prodotto da Leice.,,,,ontolidar:Leice
ontolidar:Windhorizon,WindHorizon,WindHorizon,Lidar 'WindHorizon',WindHorizon,,,,Nacelle mounted lidar manufactured by Leice.,,Lidar per navicella prodotto da Leice.,,,,ontolidar:Leice
ontolidar:Wind3D,Wind3D,Wind3D,Lidar 'Wind3D',Wind3D,,,,Scanning lidar manufactured by Leice.,,Scanner a lungo raggio prodotto da Leice.,,,,ontolidar:Leice
ontolidar:Halophotonics,HaloPhotonics,HaloPhotonics,Lidar 'HaloPhotonics',HaloPhotonics,,,,Family of wind lidars produced by HaloPhotonics. Please refer to https://halo-photonics.com/.,,"Famiglia di lidars prodotti da HaloPhotonics. Per maggiori informazioni, visitare https://halo-photonics.com/.",,,,ontolidar:Devices
ontolidar:Windpro,WindPro,WindMast,Lidar 'WindMast',WindMast,,,,Vertical profiler manufactured by HaloPhotonics.,,Lidar verticale prodotto da Halophotonics.,,,,ontolidar:HaloPhotonics
ontolidar:Verticalpro,VerticalPro,VerticalPro,Lidar 'VerticalPro',VerticalPro,,,,Vertical profiler manufactured by HaloPhotonics.,,Lidar verticale prodotto da Halophotonics.,,,,ontolidar:HaloPhotonics
ontolidar:Streamline,StreamLine,StreamLine,Lidar 'StreamLine',StreamLine,,,,Scanning lidar manufactured by HaloPhotonics.,,Scanner a lungo raggio prodotto da HaloPhotonics.,,,,ontolidar:HaloPhotonics
ontolidar:GalionG250,Galion G250,Galion G250,Galion G250,Galion G250,,,,Family of wind lidars produced by Wood. Please refer to https://www.woodplc.com/solutions/expertise/a-z-list-of-our-expertise/software-and-products/galion-lidar-unit,,"Famiglia di lidars prodotti da Galion. Per maggiori informazioni, visitare https://www.woodplc.com/solutions/expertise/a-z-list-of-our-expertise/software-and-products/galion-lidar-unit.",,,,ontolidar:Devices
ontolidar:GalionScanningLidarG4000,Galion Scanning Lidar G4000,Galion Scanning Lidar G4000,Galion Scanning Lidar G4000,Galion Scanning Lidar G4000,,,,Family of wind lidars produced by Wood. Please refer to https://www.woodplc.com/solutions/expertise/a-z-list-of-our-expertise/software-and-products/galion-lidar-unit,,"Scanner a lungo raggio prodotto da Galion. Per maggiori informazioni, visitare https://www.woodplc.com/solutions/expertise/a-z-list-of-our-expertise/software-and-products/galion-lidar-unit",,,,ontolidar:Galion
ontolidar:Vindicator,Vindicator,Vindicator,Lidar Vindicator',,,,,Catch the Wind https://news.softpedia.com/news/A-Good-Mix-LIDAR-and-Wind-Turbines-138511.shtml,,,,,,ontolidar:Devices
ontolidar:Instances,Instances,Instanzen,Esempi di lidars,Instancias,激光雷达示例,,,Each single wind lidar object,,Ogni singolo esemplare di lidar eolici.,Cada uno de los objetos lidar,风激光雷达实例
ontolidar:SerialNumber(ExtendedDefinition),Serial number (extended definition),,Numero seriale,Número de serie,序列号,,,Unique identification number for each wind lidar,,Numero di serie univoco identificativo del lidar.,Número de serie del lidar de viento.,测风激光雷达序列号,,ontolidar:Instances
ontolidar:LidarType(ExtendedDefinition),Lidar type (extended definition),,Tipologia di lidar,Tipo de lidar,激光雷达类型,,,"The type of lidar device (ground based, nacelle mounted, etc)",,"Tipologia di lidar (verticale, da navicella, etc).",Tipo de dispositivo lidar.,激光雷达设备类型,,ontolidar:Instances,,ontolidar:Devices
ontolidar:DataProcessing,Data processing,,Processamento dati,,数据处理,,,Ways that wind lidar data can be processed to extract useful data,,Processo di estrazione di informazioni utili dai dati grezzi di un lidar.,Métodos aplicables a los datos lidar para extraer información útil.,通过激光测风雷达数据处理，提取有用的数据信息
ontolidar:RadialVelocity,Radial velocity,Radialgeschwindigkeit,Velocità radiale,Velocidad radial,径向速率,,,"The radial velocity is the projection of the wind velocity vector onto the line of sight, directly measured by observing the Doppler shift of the backscattered laser pulse emitted along the line of sight.",,"Una misurazione intermedia (vedasi intermediate data), specificamente la componente del vettore velocità del vento nella direzione del raggio laser emesso dal lidar (line of sight). La sua derivazione è immediata a partire dalla misurazione dello shift Doppler del raggio riflesso dall'atmosfera rispetto alla frequenza del raggio emesso dal lidar.","Variable intermedia (ver datos intermedios). La velocidad radial es la componente radial del vector de velicidad del viento, relativo a la localización del lidar que realiza la medida. Es la proyección del vector de velocidad del viento sobrel la línea de visión (line-of-sight o LOS, por sus siglas en inglés) medida directamente mediante la observación del desplazamiento Doppler del pulso láser retrodispersado, y que fue previamente emitido a lo largo de la línea de visión.",径向速度是一个中间变量（见中间数据），是风速向量相对于激光雷达测量位置的径向分量。它是风速矢量在视线上的投影，通过观察沿视线发射的背散射激光脉冲的多普勒位移直接测量。,Radial wind speed,ontolidar:DataProcessing
ontolidar:DopplerSpectra,Doppler Spectra,Doppler-Spektren,Spettri Doppler,Espectro Doppler,多普勒光谱,,,Frequency distribution of the power of the received signals,,Distribuzione di frequenza della luce in backscatter.,,多普勒光谱,,ontolidar:RadialVelocity
ontolidar:TimeIntegration,Time integration,Zeitintegration,Integrazione temporale,Integración de tiempo,积分时间,,,Aggregation period of individual Doppler spectra,,Periodo di aggregazione di spettri Doppler singoli,,(单个多普勒光谱的)积分时间,,ontolidar:DopplerSpectra
ontolidar:Centroid,Centroid,Schwerpunkt,Centroide,Centroide,中心值,,,Peak identification method that identifies the Doppler frequency shift as the centroid power value in the lidar power spectral density function,,,,(激光能量频谱)中心值,Median,ontolidar:DopplerSpectra,,ontolidar:PeakIdentification
ontolidar:Mean,Mean,der Mittelwert,Media,,平均值,,,Peak identification method which identifies the Doppler frequency shift as the mean power value in the lidar power spectral density function,,,,(激光能量频谱)平均值,,ontolidar:DopplerSpectra,,ontolidar:PeakIdentification
ontolidar:Maximum,Maximum,,Massimo,,最大值,,,Peak identification method which identifies the Doppler frequency shift as the maximum power value in the lidar power spectral density function.,,,,(激光能量频谱)最大值,,ontolidar:DopplerSpectra,,ontolidar:PeakIdentification
ontolidar:SystemNoiseThreshold,System noise threshold,,Soglia di rumore del sistema,,,,,The minimum value of power in the frequency spectra to be accepted as the wind signal over the instrument noise,,,,,,ontolidar:DopplerSpectra
ontolidar:WindfieldReconstruction,Windfield Reconstruction,Windfeld Rekonstruktion,Ricostruzione del campo di vento,Reconstrucción del campo de vientos,气流流场重构,,,The approach to processing wind lidar data to estimate a wind vector at one or more points sampled by the lidar,,Processo di derivazione del vettore campo del vento in uno o più punti dello spazio spazzato dal wind lidar.,Métodos de procesamiento de datos lidar para estimar el vector de viento en uno o varios puntos en el dominio muestreado por el dispositivo lidar.,通过处理激光测风雷达的测风数据，以推算激光雷达测量域中一个或多个点处的风矢量的方法,Wind field reconstruction,ontolidar:DataProcessing
ontolidar:WindFieldModel,Wind field model,Windfeldmodell,Modello di campo eolico,Modelo de campo de viento,风场模型,,,The assumptions used to describe the wind field characteristics.,,Il modello che è utilizzato per descrivere le caratteristiche del campo di vento.,,,,ontolidar:WindfieldReconstruction
ontolidar:WindTurbineModel,Wind turbine model,Modell einer Windkraftanlage,Modello di turbina eolica,Modelo de aerogenerador,风力发电机模型,,,"the model that used to describe the wind turbine, which determine or affect the wind field characteristics, e.g. the induction zone, wake influence area, etc.",,"Il modello utilizzato per descrivere la turbina eolica, la sua zona di induzione, l'area influenzata dalla sua scia etc.",,,,ontolidar:WindFieldModel
ontolidar:SimpleFlow,Simple flow,Einfacher Ablauf,Flusso semplice,flujo sencillo,简单的流程,,,"Horizontal-homogeneous wind flow, no turbulence or little turbulence that can be neglected, which is usually used for wind field models in flat terrain or offshore.",,Flusso ventoso in assenza di turbolenza o in presenza di debole turbolenza. E' solitamente utilizzato per modelli di vento in terreno piatto o offshore.,,,Simple Flow,ontolidar:WindTurbineModel
ontolidar:ComplexFlow,Complex flow,Komplexer Ablauf,Flusso complesso,flujo complejo,复杂流,,,"Non-horizontal-homogeneous wind flow with significant turbulence, which usually used for wind field model in complex terrain.",,Flusso ventoso in presenza di significativa turbolenza. E' solitamente utilizzato per modelli di vento in terreno complesso.,,,Complex Flow,ontolidar:WindTurbineModel
ontolidar:MotionCompensation,Motion compensation,Bewegungskompensation,Compensazione del movimento,Compensación de movimiento,运动补偿,,,"The methods that correct the reconstructed wind field with motion information from lidar or other inertial measurement units, typically for floating lidars or lidars mounted on a floating platform or vessel",,Metodo di correzione dei dati registrati dal lidar per il moto della sorgente di luce stessa o del supporto dove essa si situa. Algoritmi cruciali per floating lidars o lidars montati su piattaforme mobili.,,,,ontolidar:WindFieldModel
ontolidar:ScanGeometry,Scan geometry,,Geometria di scansionamento,,,,,"Sequence of lidar laser beam placements in space, which require the lidar beam to be scanned or swept between a number of different orientations. ",,Sequenza dei posizionamenti del raggio laser del lidar nello spazio.,,,,ontolidar:WindfieldReconstruction,,ontolidar:ScanningGeometry
ontolidar:Static,Static,,,,,,,A lidar scan geometry with fixed lidar beam orientations in space,,,,,,ontolidar:ScanGeometry
ontolidar:NonStatic,Non-static,,,,,,,A lidar scan geometry that with dynamic lidar beam orientations in space,,,,,,ontolidar:ScanGeometry
ontolidar:FilteringStrategy,Filtering strategy,,,,,,,"The filtering methods that applied to process lidar raw data, to produce more reliable lidar datasets ready for wind field reconstruction or other purposes.",,,,,,ontolidar:WindfieldReconstruction
ontolidar:RawData,Raw data,,,,,,,"Data output from the lidar DSP, before any filtering and post-processing algorithm.",,"Dati in uscita dalla DSP del lidar, prima di qualsiasi filtraggio ed algoritmo di post-processamento.",,,,ontolidar:FilteringStrategy
ontolidar:WeightingFunction,Weighting function,Gewichtungsfunktion,Funzione di ponderazione,Función de ponderación,加权函数,,,"Function used to weight the backscattered intensity from the probe volume. The closer to the focused point, the higher contribution to the estimation of the Doppler frequency at that point. In general, it can be approximated by a Lorentzian function.  (to be moved to a suitable place).",,"Pesi relativi al volume della sonda da applicare all'intensità della luce di backscatter. Più si è prossimi al punto focale, maggiore è il contributo alla formazione del picco Doppler.","Función utilizada para ponderar la frecuencia de las diferentes señales que se retrodispersan a lo largo del volumen de medición. La contribución a la estimación de la frecuencia Doppler es tanto mayor cuanto menor es la distancia al punto bajo medición. En general, se puede aproximar a una función Lorentziana.",,,ontolidar:RawData,,ontolidar:ProbeVolume
ontolidar:PreProcessedData,Pre-processed data,,Dati pre-processati,,,,,Data that generated after filtering raw data by applying CNR thresholds and removing outliers.,,Dati ottenuti dopo aver applicato ai dati grezzi le soglie CNR ed averli puliti dalle anomalie.,,,,ontolidar:FilteringStrategy
ontolidar:Outliers,Outliers,,Anomalie,,,,,Observations that lie abnormal distances from other values in a random sample from a population. These observations are regarded as invalid.,,"In un gruppo di misurazioni, singole misure dalle caratteristiche particolarmente differenti rispetto alle statistiche principali del gruppo stesso.",,,,ontolidar:PreProcessedData
ontolidar:CnrThreshold,CNR Threshold,,Soglia CNR,,,,,The CNR bandwidth (-30dB to 10dB) within which the doppler peak is clearly visiable with respect to noise of the freqency spectrum. ,,,,,,ontolidar:PreProcessedData
ontolidar:ProcessedData,Processed data,,Dati post-processati,,,,,Methods that applied to process the pre-processed data with special or case-dependent filtering method to obtain a better dataset (e.g. Filtering of data for the period when the lidar beam hits the wave),,,,,,ontolidar:FilteringStrategy
ontolidar:Outputs,Outputs,,Risultati,,,,,Data that generated after data-processing,,,,,,ontolidar:WindfieldReconstruction
ontolidar:WindVelocity,Wind velocity,,Velocità del vento,,,,,The wind velocity vector consist of wind speed and wind direction in a given time,,,,,,ontolidar:Outputs
ontolidar:TurbulenceIntensity,Turbulence intensity,,Intensità della turbolenza,,,,,"Ratio of the wind speed standard deviation to the mean wind speed, determined from the same set of measured data samples of wind speed, and taken over a specified period of time, typically 10min or 60min.",,,,,,ontolidar:Outputs
ontolidar:Uncertainties,Uncertainties,,Incertezze,,,,,"Quantities to indicate the statistical error from lidar measurement data, which may affect the  the lidar data availability, validility, etc.",,,,,,ontolidar:Outputs
ontolidar:DataQualityFiltering,Data quality filtering,,Filtraggio dati per qualità,,,,,"Data filtering for various environmental factors, such as the detections of hard targets, fog, etc.",,,,,,ontolidar:DataProcessing
ontolidar:HardTargetDetection,Hard target detection,,Rilevamento di oggetti solidi,,,,,"A range (or a quantiy) to indicate the laser beam is reflected from an object, and the corresponding lidar measurement data shall be filtered out during the data processing",,,,,,ontolidar:DataQualityFiltering
ontolidar:CloudDetection,Cloud detection,,Rilevamento di nuvole,,,,,"A range (or a quantiy) to indicate the laser beam is reflected from Cloud, and the corresponding lidar measurement data shall be filtered out during the data processing",,,,,,ontolidar:DataQualityFiltering
ontolidar:CleanAirDetection,Clean air detection,,Rilevamento di condizione di aria pulita,,,,,"A quantity to indicate the weather is in clean air condition (less aerosols), and the correponsing lidar measurement data shall be specially processed during data filtering",,,,,,ontolidar:DataQualityFiltering
ontolidar:FogDetection,Fog detection,,Rilevamento di nebbia,,,,,"A quantity to indicate the weather is in fog condition, and the correponsing lidar measurement data shall be specially processed during data filtering",,,,,,ontolidar:DataQualityFiltering
ontolidar:CoordinateSystemTransformation,Coordinate system transformation,,Trasformazione del sistema di coordinate,,,,,"Transfer the data from the lidar default coordinate system (e.g. spherical coordinate system, etc.) to the coordinate system required by data application (e.g. right hand inertial coordinate system)",,,,,,ontolidar:DataProcessing
ontolidar:AnalogToDigitalConversion,Analog to digital conversion,,Conversione analogico-digitale,,,,,,,,,,,ontolidar:DataProcessing
ontolidar:MeasurementSetup,Measurement setup,,Disposizione di misurazione
ontolidar:ScanningGeometry,Scanning geometry,Geometrie scannen,Geometria di scansione,Geometría de escaneo,扫描的几何方式,,,The arrangement of a sequence of scanning lidar configurations that require the lidar beam to be scanned or swept between a number of different orientations. The scan geometry ensures measurements are acquired throughout the measurement volume sufficient for wind field reconstruction. The sequence of beam orientations may be repeated to acquire a time series of final data acquired from each iteration. Scans may be performed in stop-stare or sweep-stare mode. 2. The collection of lines of sight / beam orientations along which the lidar is programmed to emit its probe.,,1. Una serie di configurazioni di misuraizone per uno scanning lidar che definisce come il fascio laser debba essere mosso e spostato fra una serie di posizioni pre-definite. Questa serie garantisce l'acquisizione in misura sufficiente di dati per ricostruire il campo di vento. La sequenza delle orientazioni può essere ripetuta per registrare una serie temporale della stessa quantità misurata. Il movimento da una posizione di misurazione alla successiva può essere effettuato in modalità stop-stare o sweep-stare. 2. L'insieme delle direzioni di misurazione / orientazioni del fascio laser in cui il lidar emette la sua sonda.,"1. Serie de configuraciones de medidas realizadas por un lidar de escaneo que requieren que el haz lidar sea escaneado o barrido entre un número de orientacions diferentes. La geometría de barrido asegura que se adquieran mediciones en un volumen suficiente para posibilitar la reconstrucción del campo de viento. La secuencia de orientaciones del haz puede repetirse para adquirir una serie temporalde datos finales, adquiridos en cada iteración. Los escaneos pueden realizarse en modo stop-stare o sweep-stare. 2. La colección de líneas de visión (line-of-sight o LOS, por sus siglas en inglés)  del haz a lo largo de las cuales el lidar está programado para emitir su sondeo.",1. 激光雷达扫描几何方式（顺序）的安排，要求激光雷达光束在一些不同的方向之间扫描或扫过。扫描的几何形状确保在整个测量范围内获得足以重建风参数（气流流场参数）的测量结果。对应的光束方向的可以重复进行扫描，通过迭代扫描获得一个时间序列的最终数据。扫描可以在停滞或扫掠模式下进行。2. 激光雷达的扫描光束方向，沿着雷达程序设定的发射其探测信号的方向。,Scan pattern,ontolidar:MeasurementSetup,,,,,,The scanning geometry taxonomy is based on Figure 3 in NREL/TP-5000-64634 https://www.nrel.gov/docs/fy16osti/64634.pdf,,La tassonomia della geometria di scansione è basata sulla figura 3 di NREL/TP-5000-64634 https://www.nrel.gov/docs/fy16osti/64634.pdf
ontolidar:SingleLidar,Single lidar,Einzel-Lidar,Lidar singolo,Lidar individual,单个激光雷达,,,A single isolated lidar that returns line-of-sight data that are converted in to windfield characteristics without the use of data from another lidar or wind speed measurement device.,,Misurazioni effettuate da un lidar singolo,"Un solo lidar aislado que devuelve datos de la línea de visión (line-of-sight o LOS, por sus siglas en inglés)  que se convierten en características del campo de viento sin el uso de datos de otro lidar o dispositivo de medición de la velocidad del viento.",仅用单独的一个激光雷达，凭其自身测量的LOS数据推算出风（气流）特性，而无需使用来自另一个激光雷达或风速测量设备的数据。,,ontolidar:ScanningGeometry
ontolidar:SimpleScan,Simple scan,einfacher Scan,Scansione semplice,Escaneo simple,简单扫描,,,A simple scan geometry entails variation in beam orientation in a single degree of freedom,,Una geometria di scansione dello spazio dove la posizione del raggio laser dipende da un solo parametro. ,Una geometría de escaneo simple en que la posición del rayo depende de un solo parámetro.,一种简单的扫描几何方式，通过在单个自由度内的控制来改变光束方向,,ontolidar:SingleLidar
ontolidar:VariableAzimuthScan,Variable azimuth scan,Variabler Azimut-Scan,Scansione ad azimut variabile,Escaneo de azimut variable,变方位扫描法,,,A simple scan geometry with variable azimuth angle,,Una geometria di scansione dello spazio dipendente solo dall'angolo di azimut del sistema.,Geometría de escaneo simple que sólo depende del ángulo azimut.,具有可变方位角的简单扫描几何方式,PPI,ontolidar:SimpleScan
ontolidar:CompleteCone,Complete cone,Vollständiger Kegel,Geometria a cono completo,Geometía de cono completo,完整的锥体扫描法,,,"A scan geometry in which the azimuth angle of the beam is varied over the full 360 degree range of possible azimuth angles. Wind speed and direction values can be obtained through a wind field reconstruction process, for example by assuming a sinusoidal dependence on azimuth angle.",,"Una geometria di scansione dello spazio in cui il fascio laser è mosso lungo tutto l'intervallo di 360 gradi dell'angolo azimutale. La velocità e la direzione del vento possono essere ottenute attraverso un processo di ricostruzione del campo ventoso che assume, per esempio, una dipendenza sinusoidale della velocità radiale dall'angolo di azimuth.","Geometría en la que el azimut puede variar a lo largo de un intervalo de 360 grados. Los valores de velocidad y dirección del viento se pueden obertener a través de un proceso de reconstrucción del campo de viento asumiendo, por ejemplo, una dependencia sinusoidal de la velocidad radial con el ángulo azimutal.",一种扫描几何方式，其中光束的方位角在可能方位角的整个 360 度范围内变化。风速和风向值可以通过气流流场重建推算获得，例如通过假定计算值（风速，风向）与方位角存在正弦函数关系。,,ontolidar:VariableAzimuthScan
ontolidar:ConeSector,Cone sector,Kegelsektor,Geometria a settore di cono,Geometría de cono sectorial,锥体扇形扫描法,,,"A scan geometry in which the azimuth angle of the beam is varied over less than the full 360 degree range of possible azimuth angles. Wind speed and direction values can potentially be obtained through a wind field reconstruction process, for example by assuming a sinusoidal dependence on azimuth angle.",,"Una geometria di scansione dello spazio in cui il fascio laser è mosso lungo una porzione dell'intervallo di 360 gradi dell'angolo azimutale. La velocità e la direzione del vento possono essere ottenute attraverso un processo di ricostruzione del campo ventoso che assume, per esempio, una dipendenza sinusoidale della velocità radiale dall'angolo di azimuth.","Geometría de escaneo en la cual el ángulo de escaneo azimutal se varía a lo largo de un intervalo inferior a 360 grados. Los valores de velocidad y dirección del viento se pueden obertener a través de un proceso de reconstrucción del campo de viento asumiendo, por ejemplo, una dependencia sinusoidal de la velocidad radial con el ángulo azimutal.",一种扫描几何方式，其中光束的方位角在小于可能方位角的 360 度全范围内变化。风速和风向值可以通过气流流场重建推算获得，例如通过假定计算值（风速，风向）与方位角存在正弦函数关系。,"Plan-position indicator, PPI",ontolidar:VariableAzimuthScan
ontolidar:DopplerBeamSwinging,Doppler beam swinging,Schwingender Dopplerstrahl,Geometria ad oscillazione del fascio laser,Geometría de oscilación del haz Doppler,多普勒光束摆动扫描法,,,"A scan geometry in which the azimuth angle of the beam is varied by 90 degrees over the full 360 degree range of possible azimuth angles. Wind speed and direction values can be obtained through a wind field reconstruction process, for example by assuming a sinusoidal dependence on azimuth angle.",,"Una geometria di scansione dello spazio in cui il fascio laser è mosso in intervalli di 90 gradi lungo l'angolo azimutale. La velocità e la direzione del vento possono essere ottenute attraverso un processo di ricostruzione del campo ventoso che assume, per esempio, una dipendenza sinusoidale della velocità radiale dall'angolo di azimuth.","Geometría de escaneo en la cual el ángulo de escaneo azimutal se varía enintervalos de 90 grados a lo largo de los 360 grados posibles del ángulo azimutal. Los valores de velocidad y dirección del viento se pueden obertener a través de un proceso de reconstrucción del campo de viento asumiendo, por ejemplo, una dependencia sinusoidal de la velocidad radial con el ángulo azimutal.",一种扫描几何方式，其中光束的方位角在可能的方位角的整个 360 度范围内间隔90度变化。风速和风向值可以通过气流流场重建推算获得，例如通过假定计算值（风速，风向）与方位角存在正弦函数关系。,DBS,ontolidar:VariableAzimuthScan
ontolidar:VariableElevationScan,Variable elevation scan,,Geometria ad elevazione variabile,Geometría de elevación variable,可变仰角扫描法,,,A simple scan geometry with variable elevation angle,,Una geometria di scansione dello spazio in cui l'angolo di elevazione varia.,Geometría de escaneo simple que sólo depende del ángulo de elevación.,具有可变仰角的简单扫描几何,RHI,ontolidar:SimpleScan,,,,,,The scanning geometry taxonomy is based on Figure 3 in NREL/TP-5000-64634 https://www.nrel.gov/docs/fy16osti/64634.pdf,,La tassonomia della geometria di scansione è basata sulla figura 3 di NREL/TP-5000-64634 https://www.nrel.gov/docs/fy16osti/64634.pdf
ontolidar:CompoundScan,Compound scan,,Scansione composita,Escaneo compuesto,复合扫描扫描法,,,Compound scans include more degrees of freedom and are typically made up of a sequence of simple scans,,Una scansione composita include più gradi di libertà ed è tipicamente il risultato di una combinazione di più sequenze di scansioni semplici.,Los escaneos compuestos incluyen más grados de libertad y suelen estar formados por una secuencia de escaneos simples.,复合扫描包括更多的自由度，通常由一系列简单的扫描方法组成,,ontolidar:SingleLidar
ontolidar:ArbitraryTrajectory,Arbitrary trajectory,,Traiettoria arbitraria,Trayectoria arbitraria,任意运动轨迹扫描法,,,Scans can be made where the beam is swept through an arbitrary combination of elevation and azimuth angles to follow a desired trajectory. This could be considered analagous to tracking the path of a flying bird from a fixed location.,,Una geometria di misurazione dove il fascio laser è mosso lungo una combinazione arbitraria di angoli di elevazione e azimutali per seguire una specifica traiettoria spaziale. Questo è del tutto analogo ad una situazione in cui si volesse descrivere in termini geometrici il volo di un uccello utilizzando un punto di riferimento fisso.,Se pueden realizar escaneos en los que el haz realiza un barrido variando arbitrariamente los ángulos de elevación y acimut para seguir una trayectoria determinada. Esto podría considerarse análogo al seguimiento de la trayectoria de un pájaro en vuelo desde una ubicación fija.,可以通过仰角和方位角的任意组合，跟踪所需轨迹进行扫描。类似于站在一个固定位置跟踪飞鸟的路径。,,ontolidar:SingleLidar
ontolidar:StopStare,Stop-stare,,"Geometria ""osserva da fisso""",Geometría de punto fijo,停止-凝视扫描法,,,"Line-of-sight data are acquired while the beam remains stationary in one of the pre-determined orientations comprising the scan geometry. No data are acquired while the beam is moved to its next position.""@en ;",,Metodo di acquisizione dati in cui la misurazione avviene mentre il fascio laser è mantenuto fermo nello spazio in una direzione predefinita. Nessuna misurazione è effettuata durante la fase di riposizionamento del fascio laser. ,"Los datos de la línea de visión (line-of-sight o LOS, por sus siglas en inglés) son adquiridos mientras el rayo permanece estacionario en una de las orientaciones predeterminada a lo largo de la secuencia de escaneo. Ninguna medida se realiza durante la fase de reposicionamiento del laser a su siguiente posición.",当光束在扫描几何方式的一个预设定方向上保持静止时，获取视线方向(LOS)的数据。当光束移动到下一个位置时，不获取数据。,,ontolidar:SingleLidar
ontolidar:SweepStare,Sweep-stare,,"Geometria ""osserva in movimento""",Geometría de barrido,扫视扫描法,,,Line-of-sight data are acquired continuously as the beam is scanned between pre-determined positions.,,Metodo di acquisizione dati in cui la misurazione avviene mentre il fascio laser è costantemente mosso nello spazio.,"Los datos de la línea de visión (line-of-sight o LOS, por sus siglas en inglés) son adquiridos continuamente, mientras el rayo recorre las posiciones de escaneo programadas.",当光束在预定位置之间扫描时，会连续获取视线方向(LOS)的数据。,,ontolidar:SingleLidar
ontolidar:Staring,Staring,,Geometria fissa,Geometría fija,凝视（单向）扫描法,,,A scan geometry comprised of a single beam orientation.,,Un lidar con orientazione del fascio laser fissa nello spazio.,Geometría de escaneo que comprende una sola orientación del rayo de medición.,单一光束方向扫描的扫描几何方式。,,ontolidar:SingleLidar
ontolidar:MultiLidar,Multi-lidar,,Multi-lidar,Multi-lidar,多激光雷达,,,Coordinated measurements made in the same region by multiple lidar. Measurements may or may not be synchronised in time.,,Misurazioni coordinate effettuate nella stessa regione da più sistemi lidar. Le misurazioni possono essere sincronizzate nel tempo.,Medidas coordinadas relizadas en la misma región por diferentes dispositivos lidar. Las medidas pueden estar sincronizadas en el tiempo.,多个激光雷达在同一区域进行的协调测量。测量结果在时间上可能会（或不会）同步。,"multilidar, multistatic",ontolidar:ScanningGeometry
ontolidar:MeasurementVolume,Measurement volume,,Volume di misurazione,Volumen de medición,测量体积,,,The region characterised by the wind lidar. Corresponds to the region penetrated by the various beam orientations / lines of sight and probe volumes where intermediate data are acquired to produce a final measurement.,,Lo spazio illuminato dai fasci laser del lidar. Corresponde all'unione di tutte le regioni investigata dai singoli fasci laser (e loro singole aree di misurazione - probe volumes) che possono costituire un sistema lidar da cui le misurazioni grezze sono prese e combinate per costruire la misurazione finale.,"Región caracterizada por el lidar de viento. Corresponde a la región en la que los diferentes rayos con diversas orientaciones (o líneas de visión, LOS por sus siglas en inglés) penetran en la atmósfera tomando datos a lo largo de un volumen de muestreo. A lo largo de estos volúmenes de muestreo, cada uno correspondiente a una orientación (o línea de visión) el sistema adquiere datos intermedios de los que se extraen las mediciones finales.",测风激光雷达采集信号的空间范围。具体来说，由各种光束方向/视线和探测体积所穿透的区域，在这里获取中间数据以产生最终测量结果。,,ontolidar:ScanningGeometry
ontolidar:Probe,Probe,,Sonda,Sonda,探针/探测信号,,,"In the case of pulsed lidar, the probe is a laser pulse emitted along a line of sight whose orientation is determined by the configuration of the lidar. In the case of a continuous wave lidar, the probe is a region of relatively elevated sensitivity along the line of sight determined by the optical focus of the system.",,"Parte del lidar che interagisce con lo spazio esterno e permette di effettuare la misurazione. In un sistema pulsato, questo corrisponde ad un impulso di luce laser; in un sistema ad onda continua, è definita in modo statistico sulla distribuzione in potenza della luce emessa dal lidar nella direzione di misurazione.","En el caso de un lidar pulsado, el sondeo es un pulso láser emitido a lo largo de la línea de visión (line-of-sight o LOS, por sus siglas en inglés) cuya orientación se determina por la configuración del lidar. En el caso de un lidar de onda continua el sondeo es una región relativamenta sensible a lo largo de la línea de visión determinada por la  distancia focal del sistema.",在脉冲激光雷达的情况下，探针是沿视线发射的激光脉冲，其方向由激光雷达的配置决定。在连续波激光雷达的情况下，探针是沿视线发射的灵敏度相对较高的区域，由系统的光学焦点决定。,,ontolidar:MeasurementSetup
ontolidar:Range,Range,,,,,,,"The maximum distance beyond which detection is limited by a data availability criterion, for example, SNR.",,"La distanza massima oltre cui la misurazione è inibita a causa di criteri sulla disponibilità di segnale (ad esemçpio, insufficiente SNR)",,,,ontolidar:Probe
ontolidar:FocusDistance,Focus distance,,,,,,,"The distance from the lidar to the laser beam convergent point, as specified by the telescope focal length.",,La distanza fra il centro della lente ottica e il suo fuoco.,,,,ontolidar:Range
ontolidar:TimeOfFlight,Time of flight,,Tempo di volo,Tiempo de vuelo,飞行时间,,,"The time taken for a lidar pulse to be emitted, interact with the atmosphere in a probe volume such that it is backscattered, and return to be detected by the system.",,"In un sistema lidar pulsato, il tempo necessario fra l'istante dell'emissione di un impulso laser emissione e della ricezione del segnale riflesso. ","El tiempo empleado por un sistema de lidar pulsado desde el momento en que es emitido hasta que es recibio por el sistema, durante el cual interacciona con la atmósfera a lo largo de un volumen de muestreo desde el cual la señal se retrodispersa.",激光雷达脉冲发射、与探测器体积中的大气相互作用以使其反向散射并返回以被系统检测所需的时间。,TOF,ontolidar:Range
ontolidar:RangeResolution,Range resolution,,Risoluzione della distanza,,,,,The range resolution is the distance that can be resolved by the laser pulse length. This is given by (half) the speed of light multiplied by the pulse duration.,,La distanza che può essere risolta dalla lunghezza dell'impulso laser. E' data dalla metà del prodotto fra la velocità della luce e la durata dall'impulso.,,,,ontolidar:Range
ontolidar:ProbeVolume,Probe volume,,Volume della sonda,Volumen de la sonda,探测体积,,,The volume in which the probe interacts with the atmosphere resulting in the measurement of a radial velocity.,,Volume spaziale investito dalla sonda del lidar (probe). In questa regione avviene l'interazione fra il sistema lidar e l'atmosfera e da questa regione di deriva la velocità radiale del vento.,Volumen a lo largo del cual la sonda interactúa con la atmósfera dando como resultado la medida de la velocidad radial.,探头与大气相互作用以实现径向速度测量，所对应的空间体积。,,ontolidar:Probe
ontolidar:RayleighLength,Rayleigh length,,Lunghezza Rayleigh,Longitud Rayleigh,瑞利长度,,,"Distance, from the beam waist in the propagation direction, where the area of the beam section is increased by a factor of 2, or the radius is increased by a factor of the squared root of 2. The Rayleigh length is used to characterise the probe volume and corresponds to the half of the probe length. It also can be defined as half of the FWHM of the weighting function characterising the probe volulme.",,Distanza lungo la direzione di propagazione del raggio laser fra il punto di minima apertura radiale del raggio laser al punto di apertura radiale doppia rispetto al valor minimo. La distanza di Rayleigh è usata per caratterizzare il volume della sonda di misurazione e corrisponde a metà della lunghezza della sonda di prova.,"Distancia, tomando como referencia la distancia focal del haz, en la dirección de propagación del mismo, donde el área de la sección del haz se duplica, o dicho de otro modo, el radio se incrementa en un factor raíz de 2. La longitud de Rayleigh se utiliza para caracterizar el volumen de la sonda y corresponde a la mitad de la longitud de muestreo.",一种距离的表示方式，从传播方向的光束腰部开始，光束部分的面积增加了2倍，或者半径增加了2的平方根的系数。瑞利长度用于描述探头体积的特征，相当于探头长度的一半。,,ontolidar:ProbeVolume
ontolidar:BeamDiameter,Beam diameter,,Diametro del fascio,,,,,,,,,,,ontolidar:ProbeVolume
ontolidar:MeasurementHeight,Measurement height,,Altezza di misurazione,Altura de medición,测量高度,,,The nominal height above the datum plane at which a windfield reconstruction process returns a wind speed. Often used for vertically-profiling wind lidars for comparison to point wind speed measurements from an anemometer.,,Altezza nominale sopra il piano di riferimento. Ad essa viene associato il processo di ricostruzione del campo eolico e la misurazione della velocità del vento ad essa associata. Spesso usato nei lidar eolici ad asse verticale per confronto fra le misurazioni dal lidar e da anemometri tradizionali.,Altura nominal sobre el plano de referencia donde la reconstrucción del viento devuelve la velocidad del viento. Normalmente utilizado para lidar de viento de perfil vertical en comparación con medidas de viento procedentes de un anemómetro.,气流流场重建生成风速的位置相距基准平面的标称高度。 通常用于激光雷达所测的垂直剖面测量值，以与风速计的点风速测量值进行比较。,,ontolidar:MeasurementSetup
ontolidar:DatumFeature,Datum feature,,Elemento di riferimento,Característica de referencia,基准特征,,,A distinguishing feature used to recognise or define the datum plane from which the measurement height is defined,,Un elemento ben distinguibile atto a riconoscere o definire un piano di riferimento per la definizione dell'altezza di misurazione. ,Característica específica utilizada para distinguir o definit el plano de referencia desde el que  se define la medida de altura.,用于识别或定义测量高度的基准平面的主要特征,Reference marker,ontolidar:MeasurementHeight
ontolidar:DatumElevation,Datum elevation,,Elevazione di riferimento,Elevación de referencia,基准高程,,,The height of the datum plane above sea level,,Altezza di un piano di riferimento sul livello del mare.,Altura de plano de referencia sobre el nivel del mar.,基准面相距海平面的高度,,ontolidar:MeasurementHeight,meters,,,,,Sea level should be defined on a project basis and is out of scope of this schema.,,Il livello del mare dovrebbe essere definito progetto per progetto e farlo non è fra gli obiettivi di questo progetto.
ontolidar:DatumPlane,Datum plane,,Piano di riferimento,Plano de referencia,基准面,,,"The horizontal plane from which the measurement height is defined, e.g., lidar window, local ground, a platform top surface, or other reference.",,"Piano orizzontale di riferimento per la misurazione delle altezze locali. Tipicamente la finestra del lidar, il piano terra locale, la parte superiore di una piattaforma o un qualsiasi altro riferimento.","Plano horizontal desde el que se definen la alrura de referencia. Típicamente ventana del lidar, plano local de tierra, parte superior de una plataforma u otra referencia.",各种测量高度的参考水平面，例如激光雷达窗口、本地地面、平台顶面或其他高度值的参考。,Reference height,ontolidar:MeasurementHeight
ontolidar:Safety,Safety,,Sicurezza
ontolidar:MeasurementPrinciples,Measurement principles,,Principi di misurazione,Principios de medición,测量原理,,,The means by which a lidar makes a measurement of the wind,,Assunti concettuali alla base della misurazione del vento da parte di un sistema lidar.,Medios utilizados por el lidar para realizar medidas de viento.,激光雷达的测风方法
ontolidar:Emitter/ReceiverConfiguration,Emitter/receiver configuration,,Configurazione dell'emettitore/ricevitore,,,,,,,,,,,ontolidar:MeasurementPrinciples
ontolidar:Monostatic,Monostatic,,Monostatico,,,,,,,,,,,ontolidar:Emmiter/ReceiverConfiguration
ontolidar:Bistatic,Bistatic,,Bistatico,,,,,,,,,,,ontolidar:Emmiter/ReceiverConfiguration
ontolidar:Scattering,Scattering,,Scattering,,,,,,,,,,,ontolidar:MeasurementPrinciples
ontolidar:Raman,Raman,,Raman,,,,,,,,,,,ontolidar:Scattering
ontolidar:Mie,Mie,,Mie,,,,,,,,,,,ontolidar:Scattering
ontolidar:Rayleigh,Rayleigh,,Raylegih,,,,,,,,,,,ontolidar:Scattering
ontolidar:DetectionType,Detection type,,Tipo di rilevamento,,,,,,,,,,,ontolidar:MeasurementPrinciples
ontolidar:Coherent,Coherent,,Coerente,,,,,,,,,,,ontolidar:DetectionType
ontolidar:Incoherent,Incoherent,,Incoerente,,,,,,,,,,Direct,ontolidar:DetectionType
ontolidar:Configuration,Configuration,,Configurazione,,,,,,,,,,,ontolidar:DetectionType
ontolidar:Homodyne,Homodyne,,Omodinamico,,,,,,,,,,,ontolidar:Configuration
ontolidar:Heterodyne,Heterodyne,,Eterodinamico,,,,,,,,,,,ontolidar:Configuration
ontolidar:WindSpeedEvaluation,Wind speed evaluation,,Valutazione della velocità del vento,,,,,,,,,,,ontolidar:MeasurementPrinciples
ontolidar:LineOfSight,Line of sight,,Linea di visuale,Línea de visión,观测线,,,The line along which lidar signals are emitted and backscattered to be detected by the system.,,La direzione lungo cui il raggio laser del lidar è emesso e riflesso dall'atmosfera verso il lidar.,Línea a lo largo de la cual las señales lidar son emitidas y retrodispersadas para ser detectadas por el sistema.,激光雷达信号沿其发射和反射（以被系统识别）的路径。,,ontolidar:MeasurementPrinciples
ontolidar:LidarSampleRate,Lidar sample rate,LidarSampleRate,,Tasa de muestreo lidar,激光雷达采样率,,Hz,Sample rate frequency. Number of samples per second.,,,Frecuencia de medición lidar. Número de muestras por segundo.,采样率频率。每秒采样的样本数。,,ontolidar:MeasurementPrinciples
ontolidar:VerticalSlice,Vertical slice,,Geometria a taglio verticale,Geometría de corte vertical,垂直切面扫描法,,,Scans can be made where the beam is swept through a vertical slice by varying the elevation angle but not the azimuth angle. These scans are also known as range-height-indicator (RHI) scans. This scan geometry may be used to look at details in the flow in the cross-sectional surface sampled by the scan,,Una geometria di misurazione dove il fascio laser è mosso verticalmente variando solo l'angolo di elevazione ma non l'angolo azimutale. Questo tipo di scansioni sono anche note come scansioni RHI - range-height-indicator. E' comune utilizzare questo tipo di scansioni per osservare dettagli nel flusso nella sezione trasversa al piano di scansione.,"Geometría de medida en la que el haz realiza un barrido en sentido vertical variando el ángulo de elevación pero no el ángulo de azimut. Estos barridos también se conocen como RHI (del inglés, range-high-indicator). Esta geometría de escaneo puede utilizarse para observar los detalles del flujo en la superficie de la sección transversal muestreada por el escaneo.",通过改变仰角而非方位角，可以在光束扫过垂直切面的情况下进行扫描。这些扫描也称为范围高度指示器 (RHI) 扫描。该种扫描几何形状方式可用于观察采样横截面中的流场详细信息,"Range-height indicator, RHI",ontolidar:VariableElevationScan
ontolidar:SequentialScan,Sequential scan,,Scansione sequenziale,Escaneo secuencial,顺序扫描扫描法,,,"In a sequential scan, simple and/or compound scans are executed one after another by the same device to reveal flow characteristics.",,"In una scansione sequenziale, scansioni semplici e/o combinate, sono eseguite in sequenza una dopo l'altra per ricostruire le caratteristiche del flusso ventoso.","En un barrido secuencial, se ejecutan escaneos simples y/o compuestos, uno tras otro, realizados por el mismo dispositivo para revelar las características del flujo.",在顺序扫描中，由同一个设备依次执行简单和/或复合扫描，以捕捉流场特性。,,ontolidar:CompoundScan,,,,,,The scanning geometry taxonomy is based on Figure 3 in NREL/TP-5000-64634 https://www.nrel.gov/docs/fy16osti/64634.pdf,,La tassonomia della geometria di scansione è basata sulla figura 3 di NREL/TP-5000-64634 https://www.nrel.gov/docs/fy16osti/64634.pdf
ontolidar:ConvergentScan,Convergent scan,,Scansione convergente,Escaneo convergente,聚合扫描,,,"A measurement configuration involving multiple lidar units which are operated in a coordinated and synchronised manner so that their beams converge and intersect at a succession of probe volumes. If three or more lidar units are used, it is possible to characterise the wind velocity vector in the probe volume where the beams intersect within the limitations prescribed by the probe length, sampling interval, and scan geometry.",,"Una configurazione di misurazione che coinvolge più unità lidar operate in un modo coordinato e sincronizzato in modo tale che i loro fasci convergano e si intersechino in specifici punti dello spazio. Se sono utilizzate tre o più unità lidar, è possibile ricostruire integralmente il vettore velocità del vento nelle aree dove i fasci laser si intersecano, fatto salvi i limiti definiti dalla lunghezza dell'area sensivile, l'intervallo di campionamento e la geometria di misurazione.","Una configuración de medición que incluye múltiples unidades lidar que funcionan de forma coordinada y sincronizada para que sus haces converjan y se crucen en una sucesión de volúmenes de muestreo. Si se utilizan tres o más unidades lidar, es posible caracterizar el vector de la velocidad del viento en el volumen de muestreo donde se cruzan los haces, dentro de las limitaciones prescritas por la longitud del muestreo, el intervalo de muestreo y la geometría de escaneo.",一种涉及多个激光雷达单元的测量配置，这些单元以协调和同步的方式运行，使其光束在连续的探测体积中汇聚并相交。如果使用三个或更多激光雷达单元，则可以在探头长度、采样间隔和扫描几何形状规定的限制范围内表征光束相交处的探头体积中的风速矢量。,"Convergent beam, convergent-beam lidar",ontolidar:MultiLidar
ontolidar:Parameters,Parameters,,Parametri,Parámetros,参数,,,Wind lidar-specific parameters.,,Specifici parametri del lidar.,Parámetros específicos del lidar de viento.,测风激光雷达特定参数。
ontolidar:CarrierToNoiseRatio,Carrier to noise ratio,,Rapporto portante-rumore,Relación portadora-ruido,载噪比（载波与噪声比,,,A measure of lidar return signal strength,,Una misura della forza del segnale di ritorno al lidar.,Medida de la fuerza de la señal de retorno.,一种衡量激光雷达返回信号强度的指标,CNR,ontolidar:Parameters,,,,,,Often used interchangably with SNR,,Spesso usato in modo interscambiabile con SNR
ontolidar:SignalToNoiseRatio,Signal to noise ratio,,Rapporto segnale-rumore,Relación señal-ruido,信噪比,,,A measure of lidar return signal strength,,Una misura della forza del segnale di ritorno al lidar.,Medida de la fuerza de la señal de retorno.,一种衡量激光雷达返回信号强度的指标,SNR,ontolidar:Parameters,,,,,,Often used interchangably with CNR,,Spesso usato in modo interscambiabile con CNR
ontolidar:DataFormats,Data formats,,Formato dei dati,,数据格式,,,Format of the lidar data file. It is generally common across products from the same lidar manufacturer.,,Formato del file dati prodotto dal lidar. Questo è tipicamente comune per tutti i tipi di lidars prodotti dallo stesso costruttore.
ontolidar:Leosphere,Leosphere,,Leosphere,,,,,Common data format for the products of the company Leosphere.,,Formato dati comune per i prodotti dell'azienda Leosphere.,,,,ontolidar:DataFormats
ontolidar:Zx,ZX,,ZX,,,,,Common data format for the products of the company ZX lidars (.zph extension).,,Formato dati comune per i prodotti dell'azienda ZX lidars (estensione .zph).,,,,ontolidar:DataFormats
ontolidar:HaloPhotonics,Halo photonics,,Halo photonics,,,,,Common data format for the products of the company Halo photonics.,,Formato dati comune per i prodotti dell'azienda Halo photonics.,,,,ontolidar:DataFormats
ontolidar:EWindlidar,e-windLidar,,e-windLidar,,,,,"An attempt to standardize wind lidar data formats and making them to follow the FAIR principle (Findable, Accessible, Interoperable, Reusable). ",,"Un tentativo di standardizzare il formato dati dei lidar e di costruirlo secondo i principi FAIR (dati ricercabili, accessibili, interoperabili e riutilizzabili).",,,,ontolidar:DataFormats,,,,,,https://zenodo.org/record/2478051/files/e_WindLidar.pdf?download=1,,https://zenodo.org/record/2478051/files/e_WindLidar.pdf?download=1
ontolidar:DataCommunication,Data communication
ontolidar:NtpTimeSynchronisation,NTP time synchronisation,,,,,,,,,,,,,ontolidar:DataCommunication
ontolidar:FtpDataTransfer,FTP data transfer,,,,,,,,,,,,,ontolidar:DataCommunication
ontolidar:UserInterface,User interface,,,,,,,,,,,,,ontolidar:DataCommunication
ontolidar:Wifi,WIFI,,,,,,,,,,,,,ontolidar:DataCommunication
ontolidar:Lan,LAN,,,,,,,,,,,,,ontolidar:DataCommunication
ontolidar:SamplingFrequency,Sampling frequency,,,,,,,,,,,,,ontolidar:DataCommunication
ontolidar:LoggingFrequency,Logging frequency,,,,,,,,,,,,,ontolidar:DataCommunication
ontolidar:FileGranulity,File granulity,,,,,,,,,,,,,ontolidar:DataCommunication
ontolidar:DataTransferFrequency,Data transfer frequency,,,,,,,,,,,,,ontolidar:DataCommunication
ontolidar:DataAveragingPeriod,Data averaging period,,,,,,,,,,,,,ontolidar:DataCommunication
ontolidar:Installation,Installation
ontolidar:Deployment,Deployment,,,,,,,,,,,,,ontolidar:Installation
ontolidar:Repair,Repair,,,,,,,,,,,,,ontolidar:Installation
ontolidar:Relocation,Relocation,,,,,,,,,,,,,ontolidar:Installation
ontolidar:Decommission,Decommission,,,,,,,,,,,,,ontolidar:Installation
